Ability Name,Stad,GS,C,Stad2,RS,E,Colo,XD,FRLG,DP,Pt,HGSS,PBR,BW,B2W2,XY,ORAS,SM,USUM,PE,SwSh
pound,0,1,1,0,2,2,4,4,3,5,5,5,5,6,6,7,7,7,7,7,7
karate_chop,0,2,2,1,3,3,3,3,4,4,4,4,4,5,5,5,5,5,5,5,6
double_slap,0,1,1,0,2,2,4,4,3,5,5,5,5,6,6,6,6,6,6,6,7
comet_punch,0,1,1,0,2,2,4,4,3,5,5,5,5,6,6,6,6,6,6,6,7
mega_punch,0,1,1,0,2,2,2,2,3,3,3,3,3,4,4,4,4,4,4,4,4
pay_day,0,2,2,1,3,3,4,4,5,6,6,6,7,8,8,8,8,8,8,8,8
fire_punch,0,1,1,0,2,2,3,3,4,5,5,5,5,6,6,7,7,7,7,7,7
ice_punch,0,1,1,0,2,2,4,4,3,5,5,5,5,6,6,7,7,7,7,7,7
thunder_punch,0,2,2,1,3,3,5,5,4,6,6,6,6,7,7,8,8,8,8,8,8
scratch,0,1,1,0,2,2,4,4,3,5,5,5,5,6,6,7,7,7,7,7,7
vise_grip,0,1,1,0,2,2,3,3,4,4,4,4,4,5,5,5,5,5,5,5,5
guillotine,0,1,1,0,2,2,2,2,3,4,4,4,4,5,5,6,6,6,6,6,6
razor_wind,0,2,2,1,3,3,5,5,4,6,6,6,6,7,7,7,7,8,8,8,9
swords_dance,0,2,2,1,3,3,3,3,4,5,5,5,5,5,5,6,6,6,6,6,6
cut,0,1,1,0,2,2,4,4,3,5,5,5,6,7,7,8,8,9,9,9,9
gust,0,2,2,1,3,3,4,4,3,5,5,5,5,6,6,6,6,6,6,6,6
wing_attack,0,2,2,1,3,3,5,5,4,6,6,6,6,7,7,7,7,7,7,7,7
whirlwind,0,2,2,1,3,3,5,5,4,6,6,6,7,8,9,10,10,10,10,11,10
fly,0,2,2,1,3,3,5,5,4,6,6,6,7,8,8,9,9,10,10,11,11
bind,0,1,1,0,2,2,3,3,4,5,5,5,5,6,6,6,6,6,6,6,6
slam,0,2,2,1,3,3,3,3,4,5,5,5,5,6,6,7,7,7,7,7,7
vine_whip,0,1,1,0,2,2,4,4,3,5,5,5,5,6,6,6,6,6,6,6,6
stomp,0,2,2,1,3,3,4,4,5,6,6,6,6,7,7,8,8,8,8,8,8
double_kick,0,1,1,0,2,2,4,4,3,5,5,5,5,6,6,6,6,6,6,6,6
mega_kick,0,1,1,0,2,2,2,2,3,4,4,4,4,5,5,5,5,5,5,5,5
jump_kick,0,1,1,0,2,2,2,2,3,4,4,4,4,4,4,4,4,4,4,4,5
rolling_kick,0,2,2,1,3,3,4,4,5,6,6,7,6,7,7,8,8,8,8,8,9
sand_attack,0,1,1,0,2,2,4,4,3,5,5,5,5,6,6,7,7,7,7,7,7
headbutt,0,2,2,1,3,3,3,3,4,5,5,6,5,7,7,8,8,8,8,8,8
horn_attack,0,1,1,0,2,2,3,3,4,4,4,4,4,5,5,5,5,5,5,5,5
fury_attack,0,1,1,0,2,2,4,4,3,5,5,5,5,6,6,6,6,6,6,6,6
horn_drill,0,1,1,0,2,2,2,2,3,4,4,4,4,5,5,6,6,6,6,6,6
tackle,0,1,1,0,2,2,4,4,3,5,5,5,5,6,6,6,6,6,6,6,6
body_slam,0,2,2,1,3,3,3,3,4,5,5,5,5,6,6,7,7,7,7,7,7
wrap,0,2,2,1,3,3,4,4,5,6,6,6,6,7,7,7,7,8,8,8,8
take_down,0,1,1,0,2,2,2,2,3,4,4,4,4,5,5,6,6,6,6,6,6
thrash,0,1,1,0,2,2,2,2,3,4,4,4,4,4,4,5,5,5,5,5,5
double_edge,0,2,2,1,3,3,3,3,4,5,5,5,5,5,5,6,6,6,6,6,7
tail_whip,0,1,1,0,2,2,2,2,3,4,4,4,4,5,5,5,5,5,5,5,6
poison_sting,0,2,2,1,3,3,3,3,4,5,5,5,5,6,6,6,6,6,6,6,6
twineedle,0,1,1,0,2,2,3,3,4,5,5,5,5,6,6,7,7,7,7,7,8
pin_missile,0,1,1,0,2,2,2,2,3,4,4,4,4,5,5,5,5,5,5,5,5
leer,0,1,1,0,2,2,2,2,3,4,4,4,4,5,6,7,7,7,7,7,7
bite,0,1,1,0,2,2,2,2,3,4,4,4,4,5,5,6,6,6,6,6,6
growl,0,2,2,1,3,3,3,3,4,5,5,5,5,6,6,7,7,8,8,8,9
roar,0,2,2,1,3,3,4,4,5,6,6,6,7,8,9,10,10,11,11,12,11
sing,0,2,2,1,3,3,4,4,5,6,6,6,6,7,7,7,7,7,7,7,7
supersonic,0,2,2,1,3,3,4,4,5,6,6,6,6,6,6,7,7,7,7,7,7
sonic_boom,0,2,2,1,3,3,3,3,4,5,5,5,5,6,6,6,6,6,6,6,7
disable,0,2,2,1,3,3,4,4,5,6,6,6,6,7,7,7,7,7,7,7,7
acid,0,2,2,1,3,3,3,3,4,5,5,5,5,6,6,7,7,8,8,8,9
ember,0,1,1,0,2,2,2,2,3,4,4,4,4,5,5,6,6,6,6,6,6
flamethrower,0,2,2,1,3,3,3,3,4,5,5,5,5,6,6,7,7,7,7,7,7
mist,0,2,2,1,3,3,3,3,4,5,5,5,5,5,5,6,6,6,6,6,6
water_gun,0,1,1,0,2,2,3,3,4,5,5,5,5,6,6,6,6,6,6,6,6
hydro_pump,0,2,2,1,3,3,4,4,5,6,6,6,6,7,7,7,7,7,7,7,7
surf,0,2,2,1,3,3,3,3,4,5,5,5,6,7,7,8,8,9,9,9,9
ice_beam,0,1,1,0,2,2,3,3,4,5,5,5,5,6,6,7,7,7,7,7,7
blizzard,0,2,2,1,3,3,3,3,4,5,5,5,5,6,6,7,7,7,7,7,7
psybeam,0,1,1,0,2,2,3,3,4,5,5,5,5,6,6,7,7,7,7,7,7
bubble_beam,0,2,2,1,3,3,3,3,4,5,5,5,5,6,6,7,7,7,7,7,8
aurora_beam,0,2,2,1,3,3,3,3,4,5,5,5,5,6,6,6,6,6,6,6,6
hyper_beam,0,1,1,0,2,2,2,2,3,4,4,4,4,5,5,6,6,6,6,6,6
peck,0,2,2,1,3,3,4,4,5,5,5,5,5,6,6,6,6,6,6,6,6
drill_peck,0,1,1,0,2,2,2,3,4,4,4,4,4,4,4,5,5,5,5,5,6
submission,0,2,2,1,3,3,3,3,4,5,5,5,5,6,6,7,7,7,7,7,7
low_kick,0,2,2,1,3,3,5,5,4,6,6,6,6,7,7,8,8,8,8,8,8
counter,0,2,2,1,3,3,3,3,4,5,5,5,5,5,5,5,5,5,5,5,5
seismic_toss,0,2,2,1,3,3,3,3,4,5,5,5,5,6,6,6,6,6,6,6,6
strength,0,1,1,0,2,2,4,4,3,5,5,5,6,7,7,8,8,9,9,9,9
absorb,0,1,1,0,2,2,2,2,3,4,4,4,4,4,4,4,4,4,4,4,4
mega_drain,0,1,1,0,2,2,2,2,3,4,4,4,4,4,4,4,4,4,4,4,4
leech_seed,0,2,2,1,3,3,5,5,4,6,6,6,6,7,7,7,7,7,7,7,7
growth,0,2,2,1,3,3,3,3,4,5,5,5,5,6,6,6,6,6,6,6,6
razor_leaf,0,2,2,1,3,3,3,3,4,5,6,6,5,7,7,8,8,8,8,8,9
solar_beam,0,2,2,1,3,3,3,3,4,5,5,5,5,5,5,6,6,7,7,7,7
poison_powder,0,2,2,1,3,3,5,5,4,6,6,6,6,7,7,8,8,9,9,9,9
stun_spore,0,2,2,1,3,3,5,5,4,6,6,6,6,7,7,8,8,8,8,8,8
sleep_powder,0,1,1,0,2,2,4,4,3,5,5,5,5,6,6,6,6,6,6,6,6
petal_dance,0,2,2,1,3,3,3,3,4,5,5,5,5,6,6,6,6,6,6,6,6
string_shot,0,1,1,0,2,2,2,2,3,4,4,4,4,5,5,6,6,6,6,6,7
dragon_rage,0,2,2,1,3,3,3,3,4,5,5,5,5,6,6,6,6,6,6,6,7
fire_spin,0,2,2,1,3,3,5,5,4,6,6,6,6,7,7,7,7,7,7,7,7
thunder_shock,0,1,1,0,2,2,4,4,3,5,5,5,5,6,6,7,7,7,7,7,7
thunderbolt,0,1,1,0,2,2,2,2,3,4,4,4,4,5,5,6,6,6,6,6,6
thunder_wave,0,2,2,1,3,3,5,5,4,6,6,6,6,7,7,8,8,8,8,8,8
thunder,0,2,2,1,3,3,5,5,4,6,6,6,6,7,7,8,8,8,8,8,8
rock_throw,0,1,1,0,2,2,4,4,3,5,5,5,5,6,6,6,6,6,6,6,6
earthquake,0,2,2,1,3,3,5,5,4,6,6,6,6,7,7,8,8,8,8,8,8
fissure,0,1,1,0,2,2,4,4,3,5,5,5,5,6,6,7,7,7,7,7,7
dig,0,1,1,0,2,2,4,4,3,5,5,5,6,5,5,7,7,8,8,8,9
toxic,0,2,2,1,3,3,5,5,4,6,6,6,6,6,6,6,6,6,6,6,6
confusion,0,1,1,0,2,2,2,2,3,4,4,4,4,5,5,6,6,6,6,6,6
psychic,0,2,2,1,3,3,3,3,4,5,5,5,5,6,6,7,7,7,7,7,7
hypnosis,0,1,1,0,2,2,2,2,3,4,4,4,4,4,4,4,4,4,4,4,4
meditate,0,2,2,1,3,3,3,3,4,5,5,5,5,5,5,5,5,5,5,5,6
agility,0,2,2,1,3,3,3,3,4,5,5,5,5,5,5,6,6,6,6,6,6
quick_attack,0,2,2,1,3,3,3,3,4,5,5,5,5,6,6,7,7,7,7,7,7
rage,0,1,1,0,2,2,2,2,3,4,4,4,4,5,5,5,5,5,5,5,6
teleport,0,2,2,1,3,3,3,3,4,5,5,7,6,7,7,7,7,8,8,9,10
night_shade,0,2,2,1,3,3,3,3,4,5,5,5,5,6,6,7,7,7,7,7,7
mimic,0,1,1,0,2,2,4,4,3,5,5,5,5,6,6,6,6,6,6,6,6
screech,0,1,1,0,2,2,4,4,3,5,5,5,5,6,6,7,7,7,7,7,7
double_team,0,2,2,1,3,3,3,3,4,5,5,5,5,5,5,5,5,5,5,5,5
recover,0,2,2,1,3,3,3,3,4,5,5,5,5,6,6,6,6,6,6,6,6
harden,0,1,1,0,2,2,2,2,3,3,3,3,3,3,3,3,3,3,3,3,3
minimize,0,1,1,0,2,2,2,2,3,4,4,4,4,5,5,5,5,5,5,5,5
smokescreen,0,1,1,0,2,2,4,4,3,5,5,5,5,6,6,7,7,7,7,7,7
confuse_ray,0,2,2,1,3,3,4,4,5,5,5,5,5,6,6,6,6,6,6,6,6
withdraw,0,1,1,0,2,2,4,4,3,5,5,5,5,5,5,5,5,5,5,5,5
defense_curl,0,1,1,0,2,2,2,2,3,3,3,3,3,3,3,3,3,3,3,3,3
barrier,0,2,2,1,3,3,3,3,4,4,4,4,4,4,4,4,4,4,4,4,5
light_screen,0,2,2,1,3,3,3,3,4,5,5,5,5,5,5,6,6,6,6,6,6
haze,0,2,2,1,3,3,3,3,4,5,5,5,5,5,5,5,5,5,5,5,5
reflect,0,2,2,1,3,3,3,3,4,5,5,5,5,5,5,6,6,6,6,6,6
focus_energy,0,1,1,0,2,2,2,2,3,4,4,4,4,5,5,5,5,5,5,5,5
bide,0,1,1,0,2,2,2,2,3,4,4,4,4,4,4,4,4,4,4,4,5
metronome,0,1,1,0,2,2,2,2,3,4,4,4,4,5,5,5,5,5,5,5,5
mirror_move,0,2,2,1,3,3,5,5,4,6,6,6,6,7,7,7,7,7,7,7,8
self_destruct,0,2,2,1,3,3,3,3,4,5,5,5,5,6,6,6,6,6,6,6,6
egg_bomb,0,1,1,0,2,2,4,4,3,5,5,5,5,6,6,6,6,6,6,6,7
lick,0,1,1,0,2,2,2,2,3,4,4,4,4,5,5,6,6,6,6,6,6
smog,0,1,1,0,2,2,2,2,3,4,4,4,4,5,5,6,6,6,6,6,6
sludge,0,2,2,1,3,3,3,3,4,5,5,5,5,6,6,7,7,7,7,7,7
bone_club,0,1,1,0,2,2,4,4,3,5,5,5,5,6,6,7,7,7,7,7,8
fire_blast,0,2,2,1,3,3,5,5,4,6,6,6,6,7,7,8,8,8,8,8,8
waterfall,0,1,1,0,2,2,4,4,3,5,5,7,6,8,8,9,9,10,10,10,10
clamp,0,2,2,1,3,3,5,5,4,6,6,6,6,7,7,7,7,7,7,7,8
swift,0,1,1,0,2,2,2,2,3,4,4,4,4,5,5,6,6,6,6,6,7
skull_bash,0,2,2,1,3,3,5,5,4,6,6,6,6,7,7,7,7,8,8,8,8
spike_cannon,0,1,1,0,2,2,4,4,3,5,5,5,5,6,6,6,6,6,6,6,7
constrict,0,2,2,1,3,3,3,3,4,5,5,5,5,6,6,7,7,8,8,8,9
amnesia,0,2,2,1,3,3,3,3,3,4,4,4,4,4,4,5,5,5,5,5,5
kinesis,0,1,1,0,2,2,4,4,3,5,5,5,5,6,6,7,7,7,7,7,8
soft_boiled,0,2,2,1,3,3,3,3,4,5,7,7,6,8,8,9,9,10,10,10,10
high_jump_kick,0,2,2,1,3,3,3,3,4,5,5,5,5,6,6,6,6,6,6,6,6
glare,0,2,2,1,3,3,4,4,5,5,5,5,5,6,6,6,6,6,6,6,6
dream_eater,0,2,2,1,3,3,5,5,4,6,6,6,6,7,7,8,8,8,8,8,9
poison_gas,0,1,1,0,2,2,4,4,3,5,5,5,5,6,6,7,7,8,8,8,9
barrage,0,1,1,0,2,2,2,4,3,5,5,5,5,6,6,6,6,6,6,6,7
leech_life,0,1,1,0,2,2,4,4,3,5,5,5,5,6,6,6,6,6,6,6,6
lovely_kiss,0,2,2,1,3,3,3,3,4,5,5,6,5,7,7,7,7,7,7,7,7
sky_attack,0,2,2,1,3,3,3,3,4,5,5,5,5,6,6,7,7,7,7,7,7
transform,0,1,1,0,2,2,4,4,3,5,5,5,5,6,6,6,6,6,6,6,6
bubble,0,2,2,1,3,3,5,5,4,6,6,6,6,7,7,8,8,9,9,9,10
dizzy_punch,0,2,2,1,3,3,5,5,4,6,7,7,6,8,8,9,9,9,9,9,10
spore,0,2,2,1,3,3,5,5,4,6,6,6,6,6,6,6,6,6,6,6,6
flash,0,2,2,1,3,3,5,5,4,6,6,6,7,8,8,9,10,11,11,11,12
psywave,0,1,1,0,2,2,2,2,3,4,4,4,4,5,5,5,5,5,5,5,6
splash,0,2,2,1,3,3,3,3,4,5,5,5,5,5,5,5,5,5,5,5,5
acid_armor,0,1,1,0,2,2,2,2,3,4,4,4,4,4,4,4,4,4,4,4,4
crabhammer,0,1,1,0,2,2,2,2,3,4,4,4,4,5,5,5,5,5,5,5,5
explosion,0,1,1,0,2,2,2,2,3,4,4,4,4,5,5,6,6,6,6,6,6
fury_swipes,0,1,1,0,2,2,4,4,3,5,5,5,5,6,6,7,7,7,7,7,7
bonemerang,0,2,2,1,3,3,3,3,4,5,5,5,5,6,6,6,6,7,7,7,7
rest,0,1,1,0,2,2,2,2,3,4,4,4,4,4,4,5,5,5,5,5,5
rock_slide,0,1,1,0,2,2,2,2,3,4,4,4,4,5,5,6,6,6,6,6,7
hyper_fang,0,1,1,0,2,2,2,2,3,4,4,4,4,5,5,6,6,6,6,6,6
sharpen,0,1,1,0,2,2,2,2,3,4,4,4,4,4,4,5,5,6,6,6,7
conversion,0,2,2,1,3,4,6,6,5,7,7,7,7,7,7,8,8,8,8,8,8
tri_attack,0,2,2,1,3,3,5,5,4,6,6,6,6,7,7,7,7,8,8,8,9
super_fang,0,1,1,0,2,2,4,4,3,5,5,5,5,6,6,7,7,7,7,7,7
slash,0,2,2,1,3,3,3,3,4,5,5,5,5,6,6,6,6,6,6,6,6
substitute,0,1,1,0,2,2,2,2,3,4,4,4,4,4,4,4,4,4,4,4,5
struggle,0,2,2,1,3,3,5,5,4,6,6,6,6,6,6,7,7,8,8,8,8
sketch,,1,1,0,2,2,4,4,3,5,5,7,6,8,8,8,8,8,8,8,8
triple_kick,,1,1,0,2,2,4,4,3,5,5,5,5,5,5,5,5,5,6,5,6
thief,,1,1,0,2,2,4,4,3,5,5,5,5,6,6,7,7,7,7,7,7
spider_web,,1,1,0,2,2,4,4,3,5,5,5,5,6,6,6,6,6,6,6,7
mind_reader,,1,1,0,2,2,4,4,3,5,5,5,5,6,6,6,6,6,6,6,6
nightmare,,1,1,0,2,2,3,3,4,4,4,4,4,5,5,5,5,5,5,5,6
flame_wheel,,1,1,0,2,2,2,2,3,4,4,4,4,5,5,6,6,6,6,6,6
snore,,1,1,0,2,2,2,2,3,4,4,4,4,5,5,6,6,7,7,7,7
curse,,1,1,0,2,2,2,2,3,4,4,4,4,5,5,5,5,5,5,5,5
flail,,1,1,0,2,2,2,2,3,4,4,4,4,4,4,5,5,5,5,5,5
conversion_2,,1,1,0,2,2,2,2,3,4,4,4,4,5,5,5,5,5,5,5,6
aeroblast,,1,1,0,2,2,2,2,3,4,4,4,4,5,5,5,5,5,5,5,5
cotton_spore,,1,1,0,2,2,4,4,3,5,5,5,5,6,6,7,7,8,8,8,9
reversal,,1,1,0,2,2,2,2,3,3,3,3,3,3,3,3,3,3,3,3,3
spite,,1,1,0,2,2,4,4,3,5,5,5,5,6,6,6,6,6,6,6,6
powder_snow,,1,1,0,2,2,4,4,3,5,5,5,5,6,6,7,7,7,7,7,8
protect,,1,1,0,2,2,2,2,3,4,4,4,4,4,4,5,5,5,5,5,6
mach_punch,,1,1,0,2,2,2,2,3,4,4,4,4,4,4,5,5,5,5,5,5
scary_face,,1,1,0,2,2,2,2,3,4,4,4,4,5,5,6,6,6,6,6,6
feint_attack,,1,1,0,2,2,4,4,3,5,5,5,5,6,6,7,7,7,7,7,8
sweet_kiss,,1,1,0,2,2,2,2,3,4,4,4,4,5,5,5,5,5,5,5,5
belly_drum,,1,1,0,2,2,2,2,3,4,4,4,4,4,4,4,4,4,4,4,4
sludge_bomb,,1,1,0,2,2,2,2,3,4,4,4,4,5,5,6,6,6,6,6,6
mud_slap,,1,1,0,2,2,4,4,3,5,5,5,5,6,6,6,6,6,6,6,6
octazooka,,1,1,0,2,2,2,2,3,4,4,4,4,5,5,6,6,6,6,6,6
spikes,,1,1,0,2,3,2,2,4,5,5,5,5,6,6,6,6,6,6,6,6
zap_cannon,,1,1,0,2,2,2,2,3,4,4,4,4,4,4,4,4,4,4,4,4
foresight,,1,1,0,2,2,4,4,3,5,5,5,5,6,6,7,7,7,7,7,8
destiny_bond,,1,1,0,2,2,2,2,3,4,4,4,4,5,5,5,5,6,6,6,6
perish_song,,1,1,0,2,2,2,2,3,4,4,5,4,5,5,5,5,5,5,5,5
icy_wind,,1,1,0,2,2,2,2,3,4,4,4,4,5,5,6,6,6,6,6,7
detect,,1,1,0,2,2,2,2,3,4,4,4,4,4,4,5,5,5,5,5,6
bone_rush,,1,1,0,2,2,4,4,3,5,5,5,5,6,6,6,6,6,6,6,6
lock_on,,1,1,0,2,2,4,4,3,5,5,5,5,6,6,7,7,7,7,7,7
outrage,,1,1,0,2,2,2,2,3,4,4,4,4,5,5,5,5,6,6,6,6
sandstorm,,1,1,0,2,2,2,2,3,4,4,4,4,5,5,5,5,6,6,6,7
giga_drain,,1,1,0,2,2,2,2,3,4,4,4,4,4,4,4,4,4,4,4,4
endure,,1,1,0,2,2,2,2,3,4,4,5,4,5,5,5,5,5,5,5,5
charm,,1,1,0,2,2,4,4,3,5,5,5,5,6,6,7,7,7,7,7,8
rollout,,1,1,0,2,2,2,2,3,4,4,4,4,5,5,6,6,6,6,6,6
false_swipe,,1,1,0,2,2,2,4,3,5,5,5,5,6,6,6,6,6,6,6,6
swagger,,1,1,0,2,2,4,4,3,5,5,5,5,6,6,7,7,7,7,7,7
milk_drink,,1,1,0,2,2,2,2,3,4,4,4,5,6,6,7,7,8,8,8,8
spark,,1,1,0,2,2,4,4,3,5,5,5,5,6,6,7,7,7,7,7,7
fury_cutter,,1,1,0,2,2,2,2,3,4,4,4,4,5,5,6,6,6,6,6,6
steel_wing,,1,1,0,2,2,4,4,3,5,5,5,5,6,6,7,7,7,7,7,7
mean_look,,1,1,0,2,2,4,4,3,5,5,5,5,6,6,6,6,6,6,6,6
attract,,1,1,0,2,2,2,2,3,4,4,4,4,5,5,5,5,5,5,5,5
sleep_talk,,1,1,0,2,3,5,5,4,6,6,6,6,6,6,6,6,6,6,6,6
heal_bell,,1,1,0,2,2,2,2,3,4,4,4,4,4,4,5,5,5,5,5,5
return,,1,1,0,2,2,2,2,3,4,4,4,4,4,4,4,4,5,5,5,6
present,,1,1,0,2,2,2,2,3,4,4,4,4,5,5,5,5,5,5,5,5
frustration,,1,1,0,2,2,4,4,3,5,5,5,5,5,5,5,5,6,6,6,7
safeguard,,1,1,0,2,2,2,2,3,4,4,4,4,4,4,5,5,5,5,5,5
pain_split,,1,1,0,2,2,4,4,3,5,5,5,5,6,6,6,6,6,6,6,6
sacred_fire,,1,1,0,2,2,2,2,3,4,4,4,4,5,5,6,6,6,6,6,6
magnitude,,1,1,0,2,2,2,2,3,4,4,4,4,5,5,6,6,6,6,6,7
dynamic_punch,,1,1,0,2,2,2,2,3,4,4,4,4,5,5,6,6,6,6,6,6
megahorn,,1,1,0,2,2,2,4,3,5,5,6,5,7,7,7,7,7,7,7,7
dragon_breath,,1,1,0,2,2,4,4,3,5,5,5,5,6,6,7,7,7,7,7,7
baton_pass,,1,1,0,2,2,2,2,3,4,4,4,4,4,4,5,5,5,5,5,5
encore,,1,1,0,2,2,4,4,3,5,6,6,5,7,7,7,7,8,8,8,8
pursuit,,1,1,0,2,2,4,4,3,5,5,5,5,6,6,6,6,7,7,7,8
rapid_spin,,1,1,0,2,2,4,4,3,5,5,5,5,5,5,5,5,5,5,5,6
sweet_scent,,1,1,0,2,2,2,2,3,4,4,4,5,6,6,7,7,8,8,8,8
iron_tail,,1,1,0,2,2,4,4,3,5,5,5,5,6,6,7,7,7,7,7,7
metal_claw,,1,1,0,2,2,2,2,3,4,4,4,4,5,5,6,6,6,6,6,6
vital_throw,,1,1,0,2,2,4,4,3,5,5,5,5,6,6,7,7,7,7,7,7
morning_sun,,1,1,0,2,2,2,2,3,4,4,4,4,4,4,4,4,4,4,4,4
synthesis,,1,1,0,2,2,2,2,3,4,4,4,4,4,4,4,4,4,4,4,4
moonlight,,1,1,0,2,2,2,2,3,4,4,4,4,4,4,4,4,4,4,4,4
hidden_power,,1,1,0,2,2,2,2,3,4,4,4,4,4,4,5,5,5,5,5,6
cross_chop,,1,1,0,2,2,2,2,3,4,4,4,4,5,5,5,5,5,5,5,5
twister,,1,1,0,2,2,4,4,3,5,5,6,5,7,7,8,8,8,8,8,9
rain_dance,,1,1,0,2,2,2,2,3,4,4,4,4,4,4,4,4,5,5,5,5
sunny_day,,1,1,0,2,2,2,2,3,4,4,4,4,4,4,4,4,5,5,5,5
crunch,,1,1,0,2,2,2,2,3,4,4,4,4,5,5,6,6,6,6,6,6
mirror_coat,,1,2,0,3,3,5,5,4,6,6,6,6,6,6,6,6,6,6,6,6
psych_up,,1,1,0,2,2,3,3,4,4,4,4,4,5,5,5,5,5,5,5,5
extreme_speed,,1,1,0,2,2,2,2,3,4,4,4,4,5,5,6,6,6,6,6,6
ancient_power,,1,1,0,1,1,1,1,2,3,3,3,3,3,3,3,3,3,3,3,4
shadow_ball,,1,1,0,2,2,4,4,3,5,5,5,5,6,6,7,7,7,7,7,7
future_sight,,1,1,0,2,2,2,2,3,4,4,4,4,5,5,5,5,5,5,5,5
rock_smash,,1,1,0,2,2,4,4,3,5,5,7,6,8,8,9,9,10,10,10,10
whirlpool,,1,1,0,2,2,3,3,4,5,5,6,5,7,7,8,8,8,8,8,8
beat_up,,1,1,0,2,2,2,2,3,4,4,4,4,5,5,5,5,5,5,5,5
fake_out,,,,,0,0,0,0,1,2,2,3,2,3,3,3,3,4,4,4,5
uproar,,,,,0,0,0,0,1,2,2,2,2,3,3,4,4,5,5,5,5
stockpile,,,,,0,0,0,0,1,2,2,2,2,3,3,4,4,4,4,4,4
spit_up,,,,,0,0,0,0,1,2,2,2,2,3,3,4,4,4,4,4,4
swallow,,,,,0,0,0,0,1,2,2,2,2,3,3,3,3,3,3,3,3
heat_wave,,,,,0,0,2,2,1,3,3,3,3,4,4,5,5,5,5,5,6
hail,,,,,0,0,0,0,1,2,2,2,2,2,2,2,2,2,2,2,3
torment,,,,,0,0,2,2,1,3,3,3,3,4,4,4,4,4,4,4,4
flatter,,,,,0,0,2,2,1,3,3,3,3,4,4,5,5,5,5,5,5
will_o_wisp,,,,,0,0,2,2,1,3,3,3,3,4,4,4,4,4,4,4,5
memento,,,,,0,0,2,2,1,3,3,3,3,3,3,4,4,4,4,4,4
facade,,,,,0,0,0,0,1,2,2,2,2,3,3,3,3,4,4,4,4
focus_punch,,,,,0,0,0,0,1,2,2,2,2,2,2,3,3,3,3,3,3
smelling_salts,,,,,0,0,2,2,1,3,3,3,3,4,4,5,5,6,6,6,7
follow_me,,,,,0,0,0,0,1,2,2,2,2,3,3,3,3,3,3,3,3
nature_power,,,,,0,0,0,0,1,2,2,2,2,2,2,2,2,3,3,3,3
charge,,,,,0,0,0,0,1,2,2,2,2,3,3,4,4,4,4,4,4
taunt,,,,,0,0,2,2,1,3,3,3,3,4,4,4,4,4,4,4,4
helping_hand,,,,,0,0,0,0,1,2,2,2,2,3,3,4,4,4,4,4,4
trick,,,,,0,0,2,2,1,3,3,3,3,4,4,4,4,4,4,4,4
role_play,,,,,0,0,0,0,1,2,2,2,2,3,3,3,3,3,3,3,4
wish,,,,,0,0,0,0,1,2,2,2,2,3,3,4,4,5,5,5,5
assist,,,,,0,0,0,0,1,2,2,2,2,2,2,2,2,3,3,3,4
ingrain,,,,,0,0,0,0,1,2,2,2,2,3,3,3,3,4,4,4,4
superpower,,,,,0,0,0,0,1,2,2,2,2,3,3,4,4,4,4,4,4
magic_coat,,,,,0,0,0,0,1,2,2,2,2,3,3,3,3,3,3,3,4
recycle,,,,,0,0,2,2,1,3,3,4,3,4,4,4,4,4,4,4,4
revenge,,,,,0,0,2,2,1,3,3,3,3,4,4,4,4,5,5,5,5
brick_break,,,,,0,0,0,0,1,2,2,2,2,3,3,4,4,4,4,4,4
yawn,,,,,0,0,2,2,1,3,3,3,3,4,4,4,4,4,4,4,4
knock_off,,,,,0,0,2,2,1,3,3,3,3,4,4,5,5,5,5,5,5
endeavor,,,,,0,0,2,3,1,4,4,4,4,5,5,5,5,6,6,6,6
eruption,,,,,0,0,0,0,1,2,2,2,2,3,3,4,4,4,4,4,4
skill_swap,,,,,0,0,0,0,1,2,2,2,2,3,3,3,3,3,3,3,3
imprison,,,,,0,0,2,2,1,3,3,3,3,4,4,5,5,5,5,5,5
refresh,,,,,0,0,0,0,1,2,2,2,2,2,2,2,2,3,3,3,4
grudge,,,,,0,1,0,0,2,3,3,3,3,4,4,4,4,4,4,4,4
snatch,,,,,0,0,2,2,1,3,4,4,3,5,5,6,6,6,6,6,7
secret_power,,,,,0,0,2,2,1,3,3,3,3,4,4,5,6,7,7,7,8
dive,,,,,0,0,0,0,1,2,2,2,2,3,3,4,5,6,6,6,6
arm_thrust,,,,,0,0,2,2,1,3,3,3,3,3,3,4,4,4,4,4,4
camouflage,,,,,0,0,0,0,1,2,2,2,2,2,2,2,2,2,2,2,3
tail_glow,,,,,0,0,0,0,1,2,2,2,2,3,3,3,3,3,3,3,4
luster_purge,,,,,0,0,0,0,1,2,2,2,2,3,3,4,4,4,4,4,4
mist_ball,,,,,0,0,0,0,1,2,2,2,2,3,3,4,4,4,4,4,4
feather_dance,,,,,0,0,2,2,1,3,3,3,3,4,4,4,4,4,4,4,4
teeter_dance,,,,,0,0,2,2,1,3,3,3,3,4,4,4,4,4,4,4,4
blaze_kick,,,,,0,0,0,0,1,2,2,2,2,3,3,4,4,4,4,4,4
mud_sport,,,,,0,0,0,0,1,2,2,2,2,2,2,3,3,4,4,4,5
ice_ball,,,,,0,0,2,2,1,3,3,3,3,4,4,4,4,5,5,5,6
needle_arm,,,,,0,0,0,0,1,2,2,2,2,2,2,3,3,3,3,3,4
slack_off,,,,,0,0,0,0,1,2,2,2,2,2,2,3,3,3,3,3,3
hyper_voice,,,,,0,0,0,0,1,2,2,2,2,2,2,2,2,2,2,2,2
poison_fang,,,,,0,0,2,2,1,3,3,3,3,4,4,5,5,5,5,5,5
crush_claw,,,,,0,0,2,2,1,3,3,3,3,4,4,5,5,5,5,5,6
blast_burn,,,,,0,0,0,0,1,2,2,2,2,3,3,4,4,4,4,4,4
hydro_cannon,,,,,0,0,0,0,1,2,2,2,2,3,3,4,4,5,5,5,5
meteor_mash,,,,,0,0,0,0,1,2,2,2,2,3,3,4,4,4,4,4,4
astonish,,,,,0,0,2,2,1,3,3,3,3,4,4,5,5,5,5,5,5
weather_ball,,,,,0,0,0,0,1,2,2,2,2,2,2,2,2,3,3,3,3
aromatherapy,,,,,0,0,0,0,1,2,2,2,2,2,2,3,3,3,3,3,3
fake_tears,,,,,0,0,1,1,2,3,3,3,3,4,4,4,4,4,4,4,4
air_cutter,,,,,0,0,0,0,1,2,2,2,2,3,3,4,4,4,4,4,5
overheat,,,,,0,0,2,2,1,3,3,3,3,4,4,5,5,5,5,5,5
odor_sleuth,,,,,0,0,2,2,1,3,3,3,3,4,4,5,5,6,6,6,7
rock_tomb,,,,,0,0,2,2,1,3,3,3,3,4,4,5,5,5,5,5,5
silver_wind,,,,,0,0,0,0,1,2,2,2,2,3,3,4,4,5,5,5,6
metal_sound,,,,,0,0,0,0,1,2,2,2,2,3,3,4,4,4,4,4,4
grass_whistle,,,,,0,0,2,2,1,3,3,3,3,4,4,4,4,4,4,4,5
tickle,,,,,0,0,2,2,1,3,3,3,3,4,4,4,4,4,4,4,4
cosmic_power,,,,,0,0,0,0,1,2,2,2,2,2,2,2,2,2,2,2,2
water_spout,,,,,0,0,2,2,1,3,3,3,3,4,4,5,5,5,5,5,5
signal_beam,,,,,0,0,2,2,1,3,3,3,3,3,3,4,4,4,4,4,5
shadow_punch,,,,,0,0,0,0,1,2,2,2,2,3,3,4,4,4,4,4,4
extrasensory,,,,,0,0,0,0,1,2,2,2,2,3,3,4,4,4,4,4,4
sky_uppercut,,,,,0,0,0,0,1,2,2,2,2,3,3,3,3,3,3,3,4
sand_tomb,,,,,0,0,1,1,2,3,3,3,3,4,4,4,4,4,4,4,4
sheer_cold,,,,,0,0,0,0,1,2,2,2,2,3,3,4,4,5,5,5,5
muddy_water,,,,,0,0,0,0,1,2,2,2,2,3,3,4,4,4,4,4,5
bullet_seed,,,,,0,0,2,2,1,3,3,3,4,5,5,6,6,6,6,6,6
aerial_ace,,,,,0,0,0,0,1,2,2,2,2,3,3,4,4,4,4,4,4
icicle_spear,,,,,0,0,2,2,1,3,3,3,3,4,4,5,5,5,5,5,5
iron_defense,,,,,0,0,0,0,1,2,2,2,2,2,2,2,2,2,2,2,2
block,,,,,0,0,1,1,2,2,2,2,2,3,3,3,3,3,3,3,3
howl,,,,,0,0,0,0,1,2,2,2,2,2,2,3,3,3,3,3,4
dragon_claw,,,,,0,0,2,2,1,3,3,3,3,4,4,4,4,5,5,5,5
frenzy_plant,,,,,0,0,0,0,1,2,2,2,2,3,3,3,3,3,3,3,4
bulk_up,,,,,0,0,0,2,1,3,3,3,3,3,3,4,4,4,4,4,4
bounce,,,,,0,0,0,0,1,2,2,2,2,3,3,4,4,4,4,4,4
mud_shot,,,,,0,0,2,2,1,3,3,3,3,4,4,5,5,5,5,5,5
poison_tail,,,,,0,0,0,0,1,2,2,2,2,3,3,4,4,4,4,4,4
covet,,,,,0,0,2,2,1,3,3,3,3,4,4,4,4,4,4,4,4
volt_tackle,,,,,0,0,2,2,1,3,3,3,3,4,4,5,5,6,6,6,7
magical_leaf,,,,,0,0,0,0,1,2,2,2,2,3,3,4,4,4,4,4,4
water_sport,,,,,0,0,0,0,1,2,2,2,2,2,2,3,3,4,4,4,5
calm_mind,,,,,0,0,0,0,1,2,2,2,2,2,2,2,2,2,2,2,2
leaf_blade,,,,,0,0,0,0,1,1,1,1,1,2,2,2,2,2,2,2,2
dragon_dance,,,,,0,0,0,0,1,2,2,2,2,2,2,2,2,2,2,2,3
rock_blast,,,,,0,0,2,2,1,3,3,3,3,4,4,5,5,5,5,5,5
shock_wave,,,,,0,0,0,0,1,2,2,2,2,3,3,4,4,4,4,4,4
water_pulse,,,,,0,0,0,0,1,2,2,2,2,3,3,4,4,4,4,4,4
doom_desire,,,,,0,0,0,0,1,2,2,2,2,3,3,3,3,3,3,3,4
psycho_boost,,,,,0,0,0,0,1,2,2,2,2,3,3,4,4,4,4,4,5
roost,,,,,,,,,,0,0,0,0,0,0,0,0,0,0,0,1
gravity,,,,,,,,,,0,0,0,0,1,1,1,1,2,2,2,3
miracle_eye,,,,,,,,,,0,1,1,1,2,2,3,3,3,3,3,4
wake_up_slap,,,,,,,,,,0,0,0,0,1,1,2,2,2,2,2,3
hammer_arm,,,,,,,,,,0,0,0,0,0,0,0,0,1,1,1,1
gyro_ball,,,,,,,,,,0,0,0,0,1,1,2,2,2,2,2,2
healing_wish,,,,,,,,,,0,0,0,0,0,0,1,1,1,1,1,1
brine,,,,,,,,,,0,0,0,0,1,1,2,2,2,2,2,2
natural_gift,,,,,,,,,,0,0,0,0,0,0,1,1,1,1,1,2
feint,,,,,,,,,,0,0,0,0,1,1,2,2,3,3,3,3
pluck,,,,,,,,,,0,0,0,0,1,1,1,1,1,1,1,1
tailwind,,,,,,,,,,0,0,0,0,1,1,2,2,2,2,2,3
acupressure,,,,,,,,,,0,0,0,0,0,0,1,1,1,1,1,1
metal_burst,,,,,,,,,,0,0,0,0,1,1,1,2,3,3,3,3
u_turn,,,,,,,,,,0,0,0,0,0,0,0,0,0,0,0,0
close_combat,,,,,,,,,,0,0,1,0,2,2,3,3,3,3,3,3
payback,,,,,,,,,,0,0,0,0,1,1,2,2,2,2,2,2
assurance,,,,,,,,,,0,0,0,0,1,1,1,1,1,1,1,1
embargo,,,,,,,,,,0,0,0,1,2,2,3,3,4,4,4,5
fling,,,,,,,,,,0,0,0,0,1,1,2,2,2,2,2,2
psycho_shift,,,,,,,,,,0,0,0,0,0,0,1,1,1,1,1,1
trump_card,,,,,,,,,,0,0,0,0,1,1,2,2,2,2,2,3
heal_block,,,,,,,,,,0,0,0,0,1,1,1,1,1,1,1,2
wring_out,,,,,,,,,,0,0,0,0,1,1,2,2,2,2,2,3
power_trick,,,,,,,,,,0,0,0,0,0,0,0,0,1,1,1,1
gastro_acid,,,,,,,,,,0,0,0,0,1,1,1,1,1,1,1,1
lucky_chant,,,,,,,,,,0,0,0,0,1,1,1,1,2,2,2,3
me_first,,,,,,,,,,0,0,0,0,1,1,2,2,3,3,3,4
copycat,,,,,,,,,,0,0,0,0,0,0,0,0,0,0,0,0
power_swap,,,,,,,,,,0,0,0,0,1,1,2,2,2,2,2,2
guard_swap,,,,,,,,,,0,0,0,0,1,1,2,2,2,2,2,2
punishment,,,,,,,,,,0,0,0,0,1,1,2,2,2,2,2,3
last_resort,,,,,,,,,,0,0,0,0,0,0,0,0,0,0,0,0
worry_seed,,,,,,,,,,0,0,0,0,1,1,2,2,2,2,2,2
sucker_punch,,,,,,,,,,0,0,0,0,1,1,2,2,2,2,2,2
toxic_spikes,,,,,,,,,,0,0,0,0,1,1,2,2,3,3,3,3
heart_swap,,,,,,,,,,0,0,0,0,1,1,1,1,1,1,1,2
aqua_ring,,,,,,,,,,0,0,0,0,0,0,1,1,1,1,1,1
magnet_rise,,,,,,,,,,0,0,0,0,0,0,0,0,0,0,0,0
flare_blitz,,,,,,,,,,0,0,0,0,1,1,2,2,2,2,2,3
force_palm,,,,,,,,,,0,0,0,0,1,1,2,2,2,2,2,2
aura_sphere,,,,,,,,,,0,0,0,0,1,1,2,2,2,2,2,2
rock_polish,,,,,,,,,,0,0,0,0,0,0,1,1,1,1,1,2
poison_jab,,,,,,,,,,0,0,0,0,1,1,2,2,2,2,2,3
dark_pulse,,,,,,,,,,0,0,0,0,0,0,1,1,1,1,1,1
night_slash,,,,,,,,,,0,0,0,0,1,1,1,1,1,1,1,1
aqua_tail,,,,,,,,,,0,0,0,0,0,0,0,0,0,0,0,0
seed_bomb,,,,,,,,,,0,0,0,0,1,1,2,2,3,3,3,3
air_slash,,,,,,,,,,0,0,0,0,0,0,1,1,1,1,1,1
x_scissor,,,,,,,,,,0,0,0,0,1,1,1,1,1,1,1,1
bug_buzz,,,,,,,,,,0,0,0,0,1,1,2,2,3,3,3,3
dragon_pulse,,,,,,,,,,0,0,0,0,1,1,1,1,1,1,1,1
dragon_rush,,,,,,,,,,0,0,0,0,1,1,2,2,2,2,2,2
power_gem,,,,,,,,,,0,0,0,0,0,0,0,0,0,0,0,0
drain_punch,,,,,,,,,,0,0,0,0,0,0,0,0,0,0,0,0
vacuum_wave,,,,,,,,,,0,0,0,0,1,1,1,1,1,1,1,1
focus_blast,,,,,,,,,,0,0,0,0,0,0,1,1,2,2,2,2
energy_ball,,,,,,,,,,0,0,0,0,1,1,2,2,3,3,3,3
brave_bird,,,,,,,,,,0,0,0,0,0,0,1,1,1,1,1,1
earth_power,,,,,,,,,,0,0,0,0,1,1,2,2,3,3,3,3
switcheroo,,,,,,,,,,0,0,0,0,1,1,1,1,1,1,1,1
giga_impact,,,,,,,,,,0,0,0,0,1,1,2,2,2,2,2,2
nasty_plot,,,,,,,,,,0,0,0,0,0,0,1,1,2,2,2,2
bullet_punch,,,,,,,,,,0,0,0,0,1,1,1,1,1,1,1,1
avalanche,,,,,,,,,,0,0,0,0,1,1,1,1,2,2,2,2
ice_shard,,,,,,,,,,0,0,0,0,1,1,2,2,2,2,2,2
shadow_claw,,,,,,,,,,0,0,0,0,1,1,1,1,1,1,1,1
thunder_fang,,,,,,,,,,0,0,0,0,1,1,2,2,2,2,2,2
ice_fang,,,,,,,,,,0,0,0,0,1,1,2,2,2,2,2,2
fire_fang,,,,,,,,,,0,0,0,0,1,1,2,2,2,2,2,2
shadow_sneak,,,,,,,,,,0,0,0,0,1,1,1,1,1,1,1,1
mud_bomb,,,,,,,,,,0,0,0,0,0,0,1,1,1,1,1,2
psycho_cut,,,,,,,,,,0,0,0,0,1,1,1,1,1,1,1,1
zen_headbutt,,,,,,,,,,0,0,0,0,1,1,2,2,2,2,2,2
mirror_shot,,,,,,,,,,0,0,0,0,1,1,2,2,2,2,2,3
flash_cannon,,,,,,,,,,0,0,0,0,1,1,2,2,3,3,3,3
rock_climb,,,,,,,,,,0,0,0,1,2,2,3,3,3,3,3,4
defog,,,,,,,,,,0,0,1,0,2,2,3,3,3,3,3,3
trick_room,,,,,,,,,,0,0,0,0,0,0,0,0,0,0,0,0
draco_meteor,,,,,,,,,,0,0,0,0,1,1,2,2,3,3,3,3
discharge,,,,,,,,,,0,0,0,0,1,1,2,2,2,2,2,2
lava_plume,,,,,,,,,,0,0,0,0,1,1,2,2,3,3,3,3
leaf_storm,,,,,,,,,,0,0,0,0,1,1,2,2,2,2,2,2
power_whip,,,,,,,,,,0,0,0,0,1,1,1,1,2,2,2,2
rock_wrecker,,,,,,,,,,0,0,0,0,1,1,2,2,2,2,2,2
cross_poison,,,,,,,,,,0,0,0,0,1,1,2,2,2,2,2,2
gunk_shot,,,,,,,,,,0,0,0,0,1,1,2,2,2,2,2,2
iron_head,,,,,,,,,,0,0,0,0,1,1,2,2,2,2,2,2
magnet_bomb,,,,,,,,,,0,0,0,0,1,1,2,2,2,2,2,3
stone_edge,,,,,,,,,,0,0,0,0,1,1,2,2,3,3,3,3
captivate,,,,,,,,,,0,0,0,0,1,1,2,2,2,2,2,3
stealth_rock,,,,,,,,,,0,0,0,0,1,1,2,2,2,2,2,2
grass_knot,,,,,,,,,,0,0,0,0,1,1,2,2,2,2,2,2
chatter,,,,,,,,,,0,0,0,1,2,2,3,4,4,4,4,4
judgment,,,,,,,,,,0,0,0,0,1,1,2,2,2,2,2,2
bug_bite,,,,,,,,,,0,0,0,0,1,1,1,1,1,1,1,1
charge_beam,,,,,,,,,,0,0,0,0,1,1,1,1,1,1,1,2
wood_hammer,,,,,,,,,,0,0,0,0,1,1,2,2,2,2,2,2
aqua_jet,,,,,,,,,,0,0,0,0,1,1,2,2,2,2,2,2
attack_order,,,,,,,,,,0,0,0,0,1,1,1,1,1,1,1,1
defend_order,,,,,,,,,,0,1,1,0,1,1,1,1,1,1,1,1
heal_order,,,,,,,,,,0,0,0,0,0,0,0,0,0,0,0,1
head_smash,,,,,,,,,,0,0,1,0,2,2,3,3,3,3,3,3
double_hit,,,,,,,,,,0,0,1,0,2,2,3,3,3,3,3,3
roar_of_time,,,,,,,,,,0,0,0,0,1,1,2,2,2,2,2,2
spacial_rend,,,,,,,,,,0,0,0,0,1,1,1,1,1,1,1,1
lunar_dance,,,,,,,,,,0,0,0,0,0,0,0,0,0,0,0,0
crush_grip,,,,,,,,,,0,0,0,0,1,1,2,2,2,2,2,2
magma_storm,,,,,,,,,,0,0,0,0,1,1,1,1,1,1,1,1
dark_void,,,,,,,,,,0,0,0,0,1,1,1,1,1,1,1,1
seed_flare,,,,,,,,,,0,0,0,0,1,1,2,2,3,3,3,3
ominous_wind,,,,,,,,,,0,0,0,0,1,1,2,2,2,2,2,3
shadow_force,,,,,,,,,,0,0,1,0,2,2,3,3,3,3,3,3
hone_claws,,,,,,,,,,,,,,0,0,0,0,0,0,0,0
wide_guard,,,,,,,,,,,,,,0,0,1,1,1,1,1,1
guard_split,,,,,,,,,,,,,,0,0,1,1,2,2,2,2
power_split,,,,,,,,,,,,,,0,0,1,1,1,1,1,1
wonder_room,,,,,,,,,,,,,,0,0,0,0,0,0,0,0
psyshock,,,,,,,,,,,,,,0,0,0,0,0,0,0,0
venoshock,,,,,,,,,,,,,,0,0,1,1,1,1,1,1
autotomize,,,,,,,,,,,,,,0,0,0,0,0,0,0,0
rage_powder,,,,,,,,,,,,,,0,0,0,0,0,0,0,1
telekinesis,,,,,,,,,,,,,,0,0,0,0,0,0,0,1
magic_room,,,,,,,,,,,,,,0,0,0,0,0,0,0,0
smack_down,,,,,,,,,,,,,,0,0,1,1,1,1,1,2
storm_throw,,,,,,,,,,,,,,0,0,0,0,0,0,0,0
flame_burst,,,,,,,,,,,,,,0,0,0,0,0,0,0,1
sludge_wave,,,,,,,,,,,,,,0,0,1,1,1,1,1,1
quiver_dance,,,,,,,,,,,,,,0,0,1,1,1,1,1,1
heavy_slam,,,,,,,,,,,,,,0,0,1,1,1,1,1,1
synchronoise,,,,,,,,,,,,,,0,0,0,0,0,0,0,1
electro_ball,,,,,,,,,,,,,,0,0,1,1,1,1,1,1
soak,,,,,,,,,,,,,,0,0,0,0,0,0,0,0
flame_charge,,,,,,,,,,,,,,0,0,1,1,1,1,1,2
coil,,,,,,,,,,,,,,0,0,0,0,0,0,0,0
low_sweep,,,,,,,,,,,,,,0,0,1,1,1,1,1,1
acid_spray,,,,,,,,,,,,,,0,0,1,1,1,1,1,1
foul_play,,,,,,,,,,,,,,0,0,1,1,1,1,1,2
simple_beam,,,,,,,,,,,,,,0,0,0,0,0,0,0,0
entrainment,,,,,,,,,,,,,,0,0,0,0,0,0,0,0
after_you,,,,,,,,,,,,,,0,0,0,0,0,0,0,0
round,,,,,,,,,,,,,,0,0,0,0,1,1,1,1
echoed_voice,,,,,,,,,,,,,,0,0,0,0,1,1,1,1
chip_away,,,,,,,,,,,,,,0,0,1,1,1,1,1,2
clear_smog,,,,,,,,,,,,,,0,0,1,1,1,1,1,2
stored_power,,,,,,,,,,,,,,0,0,1,1,1,1,1,1
quick_guard,,,,,,,,,,,,,,0,0,1,1,1,1,1,1
ally_switch,,,,,,,,,,,,,,0,0,1,1,1,1,1,1
scald,,,,,,,,,,,,,,0,0,1,1,1,1,1,1
shell_smash,,,,,,,,,,,,,,0,0,1,1,1,1,1,1
heal_pulse,,,,,,,,,,,,,,0,0,0,0,1,1,1,1
hex,,,,,,,,,,,,,,0,0,1,1,1,1,1,1
sky_drop,,,,,,,,,,,,,,0,0,0,0,0,0,0,1
shift_gear,,,,,,,,,,,,,,0,0,0,0,1,1,1,1
circle_throw,,,,,,,,,,,,,,0,1,2,2,2,2,2,2
incinerate,,,,,,,,,,,,,,0,0,1,1,1,1,1,1
quash,,,,,,,,,,,,,,0,0,0,0,0,0,0,0
acrobatics,,,,,,,,,,,,,,0,0,0,0,0,0,0,0
reflect_type,,,,,,,,,,,,,,0,0,0,0,0,0,0,1
retaliate,,,,,,,,,,,,,,0,0,1,1,2,2,2,2
final_gambit,,,,,,,,,,,,,,0,0,1,1,1,1,1,1
bestow,,,,,,,,,,,,,,0,0,0,0,0,0,0,1
inferno,,,,,,,,,,,,,,0,0,1,1,1,1,1,1
water_pledge,,,,,,,,,,,,,,0,0,0,0,1,1,1,2
fire_pledge,,,,,,,,,,,,,,0,0,1,1,2,2,2,2
grass_pledge,,,,,,,,,,,,,,0,0,1,1,2,2,2,2
volt_switch,,,,,,,,,,,,,,0,0,0,0,0,0,0,0
struggle_bug,,,,,,,,,,,,,,0,1,2,2,2,2,2,3
bulldoze,,,,,,,,,,,,,,0,0,1,1,1,1,1,2
frost_breath,,,,,,,,,,,,,,0,0,1,1,1,1,1,1
dragon_tail,,,,,,,,,,,,,,0,1,2,2,2,2,2,2
work_up,,,,,,,,,,,,,,0,0,0,0,0,0,0,0
electroweb,,,,,,,,,,,,,,0,0,1,1,2,2,2,3
wild_charge,,,,,,,,,,,,,,0,0,1,1,1,1,1,1
drill_run,,,,,,,,,,,,,,0,0,0,0,0,0,0,0
dual_chop,,,,,,,,,,,,,,0,0,0,0,0,0,0,0
heart_stamp,,,,,,,,,,,,,,0,0,1,1,1,1,1,2
horn_leech,,,,,,,,,,,,,,0,0,0,0,0,0,0,0
sacred_sword,,,,,,,,,,,,,,0,0,1,1,1,1,1,1
razor_shell,,,,,,,,,,,,,,0,0,1,1,1,1,1,1
heat_crash,,,,,,,,,,,,,,0,0,1,1,1,1,1,1
leaf_tornado,,,,,,,,,,,,,,0,0,0,0,0,0,0,0
steamroller,,,,,,,,,,,,,,0,0,0,0,1,1,1,2
cotton_guard,,,,,,,,,,,,,,0,0,1,1,1,1,1,1
night_daze,,,,,,,,,,,,,,0,0,1,1,1,1,1,1
psystrike,,,,,,,,,,,,,,0,0,0,0,0,0,0,0
tail_slap,,,,,,,,,,,,,,0,0,1,1,1,1,1,1
hurricane,,,,,,,,,,,,,,0,0,1,1,1,1,1,1
head_charge,,,,,,,,,,,,,,0,0,1,1,1,1,1,1
gear_grind,,,,,,,,,,,,,,0,0,1,1,1,1,1,1
searing_shot,,,,,,,,,,,,,,0,0,1,1,2,2,2,2
techno_blast,,,,,,,,,,,,,,0,0,1,1,1,1,1,1
relic_song,,,,,,,,,,,,,,0,0,1,1,1,1,1,1
secret_sword,,,,,,,,,,,,,,0,0,0,0,0,0,0,0
glaciate,,,,,,,,,,,,,,0,0,1,1,1,1,1,2
bolt_strike,,,,,,,,,,,,,,0,0,1,1,1,1,1,1
blue_flare,,,,,,,,,,,,,,0,0,1,1,1,1,1,1
fiery_dance,,,,,,,,,,,,,,0,0,1,1,1,1,1,2
freeze_shock,,,,,,,,,,,,,,0,0,1,1,1,1,1,1
ice_burn,,,,,,,,,,,,,,0,0,0,0,0,0,0,0
snarl,,,,,,,,,,,,,,0,0,1,1,1,1,1,2
icicle_crash,,,,,,,,,,,,,,0,0,1,1,1,1,1,1
v_create,,,,,,,,,,,,,,0,0,1,1,1,1,1,1
fusion_flare,,,,,,,,,,,,,,0,0,1,1,2,2,2,2
fusion_bolt,,,,,,,,,,,,,,0,0,1,1,2,2,2,2
flying_press,,,,,,,,,,,,,,,,0,0,0,0,0,0
mat_block,,,,,,,,,,,,,,,,0,0,0,0,0,0
belch,,,,,,,,,,,,,,,,0,0,1,1,1,1
rototiller,,,,,,,,,,,,,,,,0,0,0,0,0,1
sticky_web,,,,,,,,,,,,,,,,0,0,0,0,0,1
fell_stinger,,,,,,,,,,,,,,,,0,0,1,1,1,1
phantom_force,,,,,,,,,,,,,,,,0,0,0,0,0,0
trick_or_treat,,,,,,,,,,,,,,,,0,0,0,0,0,0
noble_roar,,,,,,,,,,,,,,,,0,0,0,0,0,0
ion_deluge,,,,,,,,,,,,,,,,0,0,0,0,0,1
parabolic_charge,,,,,,,,,,,,,,,,0,0,0,0,0,0
forests_curse,,,,,,,,,,,,,,,,0,0,1,1,1,1
petal_blizzard,,,,,,,,,,,,,,,,0,0,0,0,0,0
freeze_dry,,,,,,,,,,,,,,,,0,0,0,0,0,0
disarming_voice,,,,,,,,,,,,,,,,0,0,0,0,0,0
parting_shot,,,,,,,,,,,,,,,,0,0,0,0,0,0
topsy_turvy,,,,,,,,,,,,,,,,0,0,0,0,0,0
draining_kiss,,,,,,,,,,,,,,,,0,0,1,1,1,1
crafty_shield,,,,,,,,,,,,,,,,0,0,0,0,0,0
flower_shield,,,,,,,,,,,,,,,,0,0,0,0,0,1
grassy_terrain,,,,,,,,,,,,,,,,0,0,1,1,1,1
misty_terrain,,,,,,,,,,,,,,,,0,0,1,1,1,1
electrify,,,,,,,,,,,,,,,,0,0,0,0,0,0
play_rough,,,,,,,,,,,,,,,,0,0,0,0,0,0
fairy_wind,,,,,,,,,,,,,,,,0,0,0,0,0,0
moonblast,,,,,,,,,,,,,,,,0,0,0,0,0,0
boomburst,,,,,,,,,,,,,,,,0,0,0,0,0,0
fairy_lock,,,,,,,,,,,,,,,,0,0,0,0,0,0
kings_shield,,,,,,,,,,,,,,,,0,0,0,0,0,1
play_nice,,,,,,,,,,,,,,,,0,0,0,0,0,0
confide,,,,,,,,,,,,,,,,0,0,0,0,0,0
diamond_storm,,,,,,,,,,,,,,,,0,0,1,1,1,1
steam_eruption,,,,,,,,,,,,,,,,0,0,0,0,0,0
hyperspace_hole,,,,,,,,,,,,,,,,0,0,1,1,1,1
water_shuriken,,,,,,,,,,,,,,,,0,0,0,0,0,0
mystical_fire,,,,,,,,,,,,,,,,0,0,0,0,0,0
spiky_shield,,,,,,,,,,,,,,,,0,0,0,0,0,1
aromatic_mist,,,,,,,,,,,,,,,,0,0,1,1,1,1
eerie_impulse,,,,,,,,,,,,,,,,0,0,0,0,0,0
venom_drench,,,,,,,,,,,,,,,,0,0,0,0,0,0
powder,,,,,,,,,,,,,,,,0,0,1,1,1,1
geomancy,,,,,,,,,,,,,,,,0,0,0,0,0,0
magnetic_flux,,,,,,,,,,,,,,,,0,0,1,1,1,1
happy_hour,,,,,,,,,,,,,,,,0,0,0,0,0,0
electric_terrain,,,,,,,,,,,,,,,,0,0,1,1,1,1
dazzling_gleam,,,,,,,,,,,,,,,,0,0,0,0,0,0
celebrate,,,,,,,,,,,,,,,,0,0,0,0,0,0
hold_hands,,,,,,,,,,,,,,,,0,0,0,0,0,0
baby_doll_eyes,,,,,,,,,,,,,,,,0,0,0,0,0,1
nuzzle,,,,,,,,,,,,,,,,0,0,0,0,0,0
hold_back,,,,,,,,,,,,,,,,0,0,1,1,1,1
infestation,,,,,,,,,,,,,,,,0,0,0,0,0,0
power_up_punch,,,,,,,,,,,,,,,,0,0,0,0,0,0
oblivion_wing,,,,,,,,,,,,,,,,0,0,0,0,0,0
thousand_arrows,,,,,,,,,,,,,,,,0,0,0,0,0,0
thousand_waves,,,,,,,,,,,,,,,,0,0,0,0,0,1
lands_wrath,,,,,,,,,,,,,,,,0,0,0,0,0,0
light_of_ruin,,,,,,,,,,,,,,,,0,0,0,0,0,0
origin_pulse,,,,,,,,,,,,,,,,0,0,0,0,0,0
precipice_blades,,,,,,,,,,,,,,,,0,0,0,0,0,0
dragon_ascent,,,,,,,,,,,,,,,,0,0,1,1,1,1
hyperspace_fury,,,,,,,,,,,,,,,,0,0,1,1,1,1
breakneck_blitz,,,,,,,,,,,,,,,,,,0,0,0,1
all_out_pummeling,,,,,,,,,,,,,,,,,,0,0,0,1
supersonic_skystrike,,,,,,,,,,,,,,,,,,0,0,0,1
acid_downpour,,,,,,,,,,,,,,,,,,0,0,0,1
tectonic_rage,,,,,,,,,,,,,,,,,,0,0,0,1
continental_crush,,,,,,,,,,,,,,,,,,0,0,0,1
savage_spin_out,,,,,,,,,,,,,,,,,,0,0,0,1
never_ending_nightmare,,,,,,,,,,,,,,,,,,0,0,0,1
corkscrew_crash,,,,,,,,,,,,,,,,,,0,0,0,1
inferno_overdrive,,,,,,,,,,,,,,,,,,0,0,0,1
hydro_vortex,,,,,,,,,,,,,,,,,,0,0,0,1
bloom_doom,,,,,,,,,,,,,,,,,,0,0,0,1
gigavolt_havoc,,,,,,,,,,,,,,,,,,0,0,0,1
shattered_psyche,,,,,,,,,,,,,,,,,,0,0,0,1
subzero_slammer,,,,,,,,,,,,,,,,,,0,0,0,1
devastating_drake,,,,,,,,,,,,,,,,,,0,0,0,1
black_hole_eclipse,,,,,,,,,,,,,,,,,,0,0,0,1
twinkle_tackle,,,,,,,,,,,,,,,,,,0,0,0,1
catastropika,,,,,,,,,,,,,,,,,,0,0,0,1
shore_up,,,,,,,,,,,,,,,,,,0,0,0,0
first_impression,,,,,,,,,,,,,,,,,,0,0,0,1
baneful_bunker,,,,,,,,,,,,,,,,,,0,0,0,0
spirit_shackle,,,,,,,,,,,,,,,,,,0,0,0,0
darkest_lariat,,,,,,,,,,,,,,,,,,0,0,0,0
sparkling_aria,,,,,,,,,,,,,,,,,,0,0,0,0
ice_hammer,,,,,,,,,,,,,,,,,,0,0,0,0
floral_healing,,,,,,,,,,,,,,,,,,0,0,0,0
high_horsepower,,,,,,,,,,,,,,,,,,0,0,0,0
strength_sap,,,,,,,,,,,,,,,,,,0,0,0,0
solar_blade,,,,,,,,,,,,,,,,,,0,0,0,0
leafage,,,,,,,,,,,,,,,,,,0,0,0,0
spotlight,,,,,,,,,,,,,,,,,,0,0,0,1
toxic_thread,,,,,,,,,,,,,,,,,,0,0,0,0
laser_focus,,,,,,,,,,,,,,,,,,0,0,0,0
gear_up,,,,,,,,,,,,,,,,,,0,0,0,0
throat_chop,,,,,,,,,,,,,,,,,,0,0,0,0
pollen_puff,,,,,,,,,,,,,,,,,,0,0,0,0
anchor_shot,,,,,,,,,,,,,,,,,,0,0,0,0
psychic_terrain,,,,,,,,,,,,,,,,,,0,0,0,0
lunge,,,,,,,,,,,,,,,,,,0,0,0,0
fire_lash,,,,,,,,,,,,,,,,,,0,0,0,0
power_trip,,,,,,,,,,,,,,,,,,0,0,0,0
burn_up,,,,,,,,,,,,,,,,,,0,0,0,0
speed_swap,,,,,,,,,,,,,,,,,,0,0,0,0
smart_strike,,,,,,,,,,,,,,,,,,0,0,0,0
purify,,,,,,,,,,,,,,,,,,0,0,0,0
revelation_dance,,,,,,,,,,,,,,,,,,0,0,0,0
core_enforcer,,,,,,,,,,,,,,,,,,0,0,0,0
trop_kick,,,,,,,,,,,,,,,,,,0,0,0,0
instruct,,,,,,,,,,,,,,,,,,0,0,0,0
beak_blast,,,,,,,,,,,,,,,,,,0,0,0,0
clanging_scales,,,,,,,,,,,,,,,,,,0,0,0,1
dragon_hammer,,,,,,,,,,,,,,,,,,0,0,0,0
brutal_swing,,,,,,,,,,,,,,,,,,0,0,0,0
aurora_veil,,,,,,,,,,,,,,,,,,0,0,0,0
sinister_arrow_raid,,,,,,,,,,,,,,,,,,0,0,0,1
malicious_moonsault,,,,,,,,,,,,,,,,,,0,0,0,1
oceanic_operetta,,,,,,,,,,,,,,,,,,0,0,0,1
guardian_of_alola,,,,,,,,,,,,,,,,,,0,0,0,1
soul_stealing_7_star_strike,,,,,,,,,,,,,,,,,,0,0,0,1
stoked_sparksurfer,,,,,,,,,,,,,,,,,,0,0,0,1
pulverizing_pancake,,,,,,,,,,,,,,,,,,0,0,0,1
extreme_evoboost,,,,,,,,,,,,,,,,,,0,0,0,1
genesis_supernova,,,,,,,,,,,,,,,,,,0,0,0,1
shell_trap,,,,,,,,,,,,,,,,,,0,0,0,1
fleur_cannon,,,,,,,,,,,,,,,,,,0,0,0,0
psychic_fangs,,,,,,,,,,,,,,,,,,0,0,0,0
stomping_tantrum,,,,,,,,,,,,,,,,,,0,0,0,0
shadow_bone,,,,,,,,,,,,,,,,,,0,0,0,0
accelerock,,,,,,,,,,,,,,,,,,0,0,0,0
liquidation,,,,,,,,,,,,,,,,,,0,0,0,0
prismatic_laser,,,,,,,,,,,,,,,,,,0,0,0,0
spectral_thief,,,,,,,,,,,,,,,,,,0,0,0,0
sunsteel_strike,,,,,,,,,,,,,,,,,,0,0,0,0
moongeist_beam,,,,,,,,,,,,,,,,,,0,0,0,0
tearful_look,,,,,,,,,,,,,,,,,,0,0,0,0
zing_zap,,,,,,,,,,,,,,,,,,0,0,0,0
natures_madness,,,,,,,,,,,,,,,,,,0,0,0,0
multi_attack,,,,,,,,,,,,,,,,,,0,0,0,0
10000000_volt_thunderbolt,,,,,,,,,,,,,,,,,,0,0,0,1
mind_blown,,,,,,,,,,,,,,,,,,0,0,0,0
plasma_fists,,,,,,,,,,,,,,,,,,0,0,0,0
photon_geyser,,,,,,,,,,,,,,,,,,0,0,0,0
light_that_burns_the_sky,,,,,,,,,,,,,,,,,,0,0,0,1
searing_sunraze_smash,,,,,,,,,,,,,,,,,,0,0,0,1
menacing_moonraze_maelstrom,,,,,,,,,,,,,,,,,,0,0,0,1
lets_snuggle_forever,,,,,,,,,,,,,,,,,,0,0,0,1
splintered_stormshards,,,,,,,,,,,,,,,,,,0,0,0,1
clangorous_soulblaze,,,,,,,,,,,,,,,,,,0,0,0,1
zippy_zap,,,,,,,,,,,,,,,,,,0,0,0,1
splishy_splash,,,,,,,,,,,,,,,,,,0,0,0,1
floaty_fall,,,,,,,,,,,,,,,,,,0,0,0,1
pika_papow,,,,,,,,,,,,,,,,,,0,0,0,1
bouncy_bubble,,,,,,,,,,,,,,,,,,0,0,0,1
buzzy_buzz,,,,,,,,,,,,,,,,,,0,0,0,1
sizzly_slide,,,,,,,,,,,,,,,,,,0,0,0,1
glitzy_glow,,,,,,,,,,,,,,,,,,0,0,0,1
baddy_bad,,,,,,,,,,,,,,,,,,0,0,0,1
sappy_seed,,,,,,,,,,,,,,,,,,0,0,0,1
freezy_frost,,,,,,,,,,,,,,,,,,0,0,0,1
sparkly_swirl,,,,,,,,,,,,,,,,,,0,0,0,1
veevee_volley,,,,,,,,,,,,,,,,,,0,0,0,1
double_iron_bash,,,,,,,,,,,,,,,,,,0,0,0,0
max_guard,,,,,,,,,,,,,,,,,,,,,0
dynamax_cannon,,,,,,,,,,,,,,,,,,,,,0
snipe_shot,,,,,,,,,,,,,,,,,,,,,0
jaw_lock,,,,,,,,,,,,,,,,,,,,,0
stuff_cheeks,,,,,,,,,,,,,,,,,,,,,0
no_retreat,,,,,,,,,,,,,,,,,,,,,0
tar_shot,,,,,,,,,,,,,,,,,,,,,0
magic_powder,,,,,,,,,,,,,,,,,,,,,0
dragon_darts,,,,,,,,,,,,,,,,,,,,,0
teatime,,,,,,,,,,,,,,,,,,,,,0
octolock,,,,,,,,,,,,,,,,,,,,,0
bolt_beak,,,,,,,,,,,,,,,,,,,,,0
fishious_rend,,,,,,,,,,,,,,,,,,,,,0
court_change,,,,,,,,,,,,,,,,,,,,,0
max_flare,,,,,,,,,,,,,,,,,,,,,0
max_flutterby,,,,,,,,,,,,,,,,,,,,,0
max_lightning,,,,,,,,,,,,,,,,,,,,,0
max_strike,,,,,,,,,,,,,,,,,,,,,0
max_knuckle,,,,,,,,,,,,,,,,,,,,,0
max_phantasm,,,,,,,,,,,,,,,,,,,,,0
max_hailstorm,,,,,,,,,,,,,,,,,,,,,0
max_ooze,,,,,,,,,,,,,,,,,,,,,0
max_geyser,,,,,,,,,,,,,,,,,,,,,0
max_airstream,,,,,,,,,,,,,,,,,,,,,0
max_starfall,,,,,,,,,,,,,,,,,,,,,0
max_wyrmwind,,,,,,,,,,,,,,,,,,,,,0
max_mindstorm,,,,,,,,,,,,,,,,,,,,,0
max_rockfall,,,,,,,,,,,,,,,,,,,,,0
max_quake,,,,,,,,,,,,,,,,,,,,,0
max_darkness,,,,,,,,,,,,,,,,,,,,,0
max_overgrowth,,,,,,,,,,,,,,,,,,,,,0
max_steelspike,,,,,,,,,,,,,,,,,,,,,0
clangorous_soul,,,,,,,,,,,,,,,,,,,,,0
body_press,,,,,,,,,,,,,,,,,,,,,0
decorate,,,,,,,,,,,,,,,,,,,,,0
drum_beating,,,,,,,,,,,,,,,,,,,,,0
snap_trap,,,,,,,,,,,,,,,,,,,,,0
pyro_ball,,,,,,,,,,,,,,,,,,,,,0
behemoth_blade,,,,,,,,,,,,,,,,,,,,,0
behemoth_bash,,,,,,,,,,,,,,,,,,,,,0
aura_wheel,,,,,,,,,,,,,,,,,,,,,0
breaking_swipe,,,,,,,,,,,,,,,,,,,,,0
branch_poke,,,,,,,,,,,,,,,,,,,,,0
overdrive,,,,,,,,,,,,,,,,,,,,,0
apple_acid,,,,,,,,,,,,,,,,,,,,,0
grav_apple,,,,,,,,,,,,,,,,,,,,,0
spirit_break,,,,,,,,,,,,,,,,,,,,,0
strange_steam,,,,,,,,,,,,,,,,,,,,,0
life_dew,,,,,,,,,,,,,,,,,,,,,0
obstruct,,,,,,,,,,,,,,,,,,,,,0
false_surrender,,,,,,,,,,,,,,,,,,,,,0
meteor_assault,,,,,,,,,,,,,,,,,,,,,0
eternabeam,,,,,,,,,,,,,,,,,,,,,0
steel_beam,,,,,,,,,,,,,,,,,,,,,0
expanding_force,,,,,,,,,,,,,,,,,,,,,0
steel_roller,,,,,,,,,,,,,,,,,,,,,0
scale_shot,,,,,,,,,,,,,,,,,,,,,0
meteor_beam,,,,,,,,,,,,,,,,,,,,,0
shell_side_arm,,,,,,,,,,,,,,,,,,,,,0
misty_explosion,,,,,,,,,,,,,,,,,,,,,0
grassy_glide,,,,,,,,,,,,,,,,,,,,,0
rising_voltage,,,,,,,,,,,,,,,,,,,,,0
terrain_pulse,,,,,,,,,,,,,,,,,,,,,0
skitter_smack,,,,,,,,,,,,,,,,,,,,,0
burning_jealousy,,,,,,,,,,,,,,,,,,,,,0
lash_out,,,,,,,,,,,,,,,,,,,,,0
poltergeist,,,,,,,,,,,,,,,,,,,,,0
corrosive_gas,,,,,,,,,,,,,,,,,,,,,0
coaching,,,,,,,,,,,,,,,,,,,,,0
flip_turn,,,,,,,,,,,,,,,,,,,,,0
triple_axel,,,,,,,,,,,,,,,,,,,,,0
dual_wingbeat,,,,,,,,,,,,,,,,,,,,,0
scorching_sands,,,,,,,,,,,,,,,,,,,,,0
jungle_healing,,,,,,,,,,,,,,,,,,,,,0
wicked_blow,,,,,,,,,,,,,,,,,,,,,0
surging_strikes,,,,,,,,,,,,,,,,,,,,,0
thunder_cage,,,,,,,,,,,,,,,,,,,,,0
dragon_energy,,,,,,,,,,,,,,,,,,,,,0
freezing_glare,,,,,,,,,,,,,,,,,,,,,0
fiery_wrath,,,,,,,,,,,,,,,,,,,,,0
thunderous_kick,,,,,,,,,,,,,,,,,,,,,0
glacial_lance,,,,,,,,,,,,,,,,,,,,,0
astral_barrage,,,,,,,,,,,,,,,,,,,,,0
eerie_spell,,,,,,,,,,,,,,,,,,,,,0
adaptability,,,,,,,,,,0,0,0,0,0,0,1,1,1,1,1,1
aerilate,,,,,,,,,,,,,,,,0,0,1,1,1,1
aftermath,,,,,,,,,,0,0,0,0,1,1,1,1,2,2,2,2
air_lock,,,,,0,0,0,0,0,1,1,1,1,1,1,1,1,1,1,1,1
analytic,,,,,,,,,,,,,,0,0,1,1,2,2,2,2
anger_point,,,,,,,,,,0,0,0,0,1,1,2,2,3,3,3,3
anticipation,,,,,,,,,,0,0,0,0,1,1,2,2,3,3,3,3
arena_trap,,,,,0,0,1,1,0,2,2,2,2,2,2,3,3,3,3,3,3
aroma_veil,,,,,,,,,,,,,,,,0,0,1,1,1,1
as_one_glastrier,,,,,,,,,,,,,,,,,,,,,0
as_one_spectrier,,,,,,,,,,,,,,,,,,,,,0
aura_break,,,,,,,,,,,,,,,,0,0,1,1,1,1
bad_dreams,,,,,,,,,,0,0,0,0,0,0,1,1,1,1,1,1
ball_fetch,,,,,,,,,,,,,,,,,,,,,0
battery,,,,,,,,,,,,,,,,,,0,0,0,0
battle_armor,,,,,0,0,0,0,0,1,1,1,1,1,1,2,2,3,3,3,3
battle_bond,,,,,,,,,,,,,,,,,,0,0,0,0
beast_boost,,,,,,,,,,,,,,,,,,0,0,0,0
berserk,,,,,,,,,,,,,,,,,,0,0,0,0
big_pecks,,,,,,,,,,,,,,0,0,0,0,1,1,1,1
blaze,,,,,0,0,0,0,0,1,1,1,1,1,1,2,2,3,3,3,3
bulletproof,,,,,,,,,,,,,,,,0,0,0,0,0,0
cheek_pouch,,,,,,,,,,,,,,,,0,0,0,0,0,0
chilling_neigh,,,,,,,,,,,,,,,,,,,,,0
chlorophyll,,,,,0,0,0,0,0,1,1,1,1,1,1,2,2,2,3,2,3
clear_body,,,,,0,0,0,0,0,1,1,2,1,3,3,3,3,4,4,4,4
cloud_nine,,,,,0,0,0,0,0,1,1,1,1,1,1,1,1,1,1,1,1
color_change,,,,,0,0,1,1,0,2,2,2,2,2,2,3,3,3,3,3,3
comatose,,,,,,,,,,,,,,,,,,0,0,0,0
competitive,,,,,,,,,,,,,,,,0,0,1,1,1,1
compound_eyes,,,,,0,0,0,0,0,1,1,1,1,1,1,2,2,3,3,3,3
contrary,,,,,,,,,,,,,,0,0,0,0,0,0,0,0
corrosion,,,,,,,,,,,,,,,,,,0,0,0,0
cotton_down,,,,,,,,,,,,,,,,,,,,,0
curious_medicine,,,,,,,,,,,,,,,,,,,,,0
cursed_body,,,,,,,,,,,,,,0,0,0,0,0,0,0,0
cute_charm,,,,,0,0,0,0,0,1,1,1,1,1,1,1,1,1,1,1,1
damp,,,,,0,0,0,0,0,1,1,2,1,3,3,3,3,4,4,4,5
dancer,,,,,,,,,,,,,,,,,,0,0,0,0
dark_aura,,,,,,,,,,,,,,,,0,0,0,0,0,0
dauntless_shield,,,,,,,,,,,,,,,,,,,,,0
dazzling,,,,,,,,,,,,,,,,,,0,0,0,0
defeatist,,,,,,,,,,,,,,0,0,0,0,1,1,1,1
defiant,,,,,,,,,,,,,,0,0,1,1,2,2,2,2
delta_stream,,,,,,,,,,,,,,,,0,0,1,1,1,1
desolate_land,,,,,,,,,,,,,,,,0,0,1,1,1,1
disguise,,,,,,,,,,,,,,,,,,0,0,0,0
download,,,,,,,,,,0,0,0,0,1,1,2,2,3,3,3,3
dragons_maw,,,,,,,,,,,,,,,,,,,,,0
drizzle,,,,,0,0,0,0,0,1,1,1,1,1,1,2,2,2,2,2,2
drought,,,,,0,0,0,0,0,1,1,1,1,2,2,3,3,3,3,3,3
dry_skin,,,,,,,,,,0,0,0,0,0,0,1,1,2,3,2,3
early_bird,,,,,0,0,0,0,0,1,1,1,1,1,1,1,1,2,2,2,3
effect_spore,,,,,0,0,0,0,0,1,1,1,1,2,2,2,2,3,3,3,3
electric_surge,,,,,,,,,,,,,,,,,,0,0,0,0
emergency_exit,,,,,,,,,,,,,,,,,,0,0,0,0
fairy_aura,,,,,,,,,,,,,,,,0,0,0,0,0,0
filter,,,,,,,,,,0,0,1,0,1,1,1,1,2,2,2,2
flame_body,,,,,0,0,1,1,0,2,2,2,2,3,3,3,3,3,3,3,3
flare_boost,,,,,,,,,,,,,,0,0,1,1,1,1,1,1
flash_fire,,,,,0,0,0,0,0,1,1,2,1,2,2,3,3,3,3,3,3
flower_gift,,,,,,,,,,0,0,0,0,0,0,1,1,2,3,2,3
flower_veil,,,,,,,,,,,,,,,,0,0,1,1,1,1
fluffy,,,,,,,,,,,,,,,,,,0,0,0,0
forecast,,,,,0,0,0,0,0,1,1,1,1,1,1,1,1,2,2,2,2
forewarn,,,,,,,,,,0,0,0,0,1,1,2,2,3,3,3,3
friend_guard,,,,,,,,,,,,,,0,0,0,0,0,0,0,0
frisk,,,,,,,,,,0,0,0,0,1,1,2,2,3,3,3,3
full_metal_body,,,,,,,,,,,,,,,,,,0,0,0,0
fur_coat,,,,,,,,,,,,,,,,0,0,1,1,1,1
gale_wings,,,,,,,,,,,,,,,,0,0,1,1,1,1
galvanize,,,,,,,,,,,,,,,,,,0,0,0,0
gluttony,,,,,,,,,,0,0,0,0,0,0,1,1,2,2,2,2
gooey,,,,,,,,,,,,,,,,0,0,0,0,0,0
gorilla_tactics,,,,,,,,,,,,,,,,,,,,,0
grass_pelt,,,,,,,,,,,,,,,,0,0,1,1,1,2
grassy_surge,,,,,,,,,,,,,,,,,,0,0,0,0
grim_neigh,,,,,,,,,,,,,,,,,,,,,0
gulp_missile,,,,,,,,,,,,,,,,,,,,,0
guts,,,,,0,0,0,0,0,1,1,1,1,1,1,2,2,3,3,3,3
harvest,,,,,,,,,,,,,,0,0,0,0,0,0,0,0
healer,,,,,,,,,,,,,,0,0,1,1,1,1,1,1
heatproof,,,,,,,,,,0,0,0,0,0,0,0,0,1,1,1,1
heavy_metal,,,,,,,,,,,,,,0,0,0,0,0,0,0,0
honey_gather,,,,,,,,,,0,0,0,0,0,0,0,0,1,1,1,1
huge_power,,,,,0,0,0,0,0,1,1,1,1,1,1,2,2,3,3,3,3
hunger_switch,,,,,,,,,,,,,,,,,,,,,0
hustle,,,,,0,0,0,0,0,1,1,1,1,1,1,1,1,1,1,1,1
hydration,,,,,,,,,,0,0,0,0,0,0,1,1,1,1,1,1
hyper_cutter,,,,,0,0,0,0,0,1,1,1,1,2,2,3,3,4,4,4,4
ice_body,,,,,,,,,,0,0,0,0,1,1,1,1,1,1,1,1
ice_face,,,,,,,,,,,,,,,,,,,,,0
ice_scales,,,,,,,,,,,,,,,,,,,,,0
illuminate,,,,,0,0,0,0,0,1,1,1,1,1,1,1,1,2,2,2,2
illusion,,,,,,,,,,,,,,0,0,1,1,1,1,1,1
immunity,,,,,0,0,0,0,0,1,1,1,1,1,1,1,1,2,2,2,2
imposter,,,,,,,,,,,,,,0,0,1,1,1,1,1,1
infiltrator,,,,,,,,,,,,,,0,0,1,1,2,2,2,2
innards_out,,,,,,,,,,,,,,,,,,0,0,0,0
inner_focus,,,,,0,0,0,0,0,1,1,1,1,1,1,2,2,3,3,3,3
insomnia,,,,,0,0,0,0,0,1,1,1,1,1,1,1,1,2,2,2,2
intimidate,,,,,0,0,0,0,0,1,1,1,1,1,1,2,2,3,3,3,3
intrepid_sword,,,,,,,,,,,,,,,,,,,,,0
iron_barbs,,,,,,,,,,,,,,0,0,1,1,2,2,2,3
iron_fist,,,,,,,,,,0,0,0,0,0,0,1,1,1,1,1,1
justified,,,,,,,,,,,,,,0,0,1,1,2,2,2,2
keen_eye,,,,,0,0,0,0,0,1,1,1,1,2,2,2,2,3,3,3,3
klutz,,,,,,,,,,0,0,0,0,0,0,0,0,0,0,0,0
leaf_guard,,,,,,,,,,0,0,1,0,1,1,2,2,2,3,2,3
levitate,,,,,0,0,0,0,0,1,1,1,1,1,1,1,1,2,2,2,2
libero,,,,,,,,,,,,,,,,,,,,,0
light_metal,,,,,,,,,,,,,,0,0,0,0,0,0,0,0
lightning_rod,,,,,0,0,0,0,0,1,1,1,1,2,2,3,3,4,4,4,4
limber,,,,,0,0,0,0,0,1,1,1,1,1,1,2,2,3,3,3,3
liquid_ooze,,,,,0,0,0,0,0,1,1,1,1,2,2,2,2,3,3,3,4
liquid_voice,,,,,,,,,,,,,,,,,,0,0,0,0
long_reach,,,,,,,,,,,,,,,,,,0,0,0,0
magic_bounce,,,,,,,,,,,,,,0,0,1,1,2,2,2,3
magic_guard,,,,,,,,,,0,0,0,0,0,0,0,0,0,0,0,0
magician,,,,,,,,,,,,,,,,0,0,0,0,0,0
magma_armor,,,,,0,0,0,0,0,1,1,1,1,1,1,1,1,2,2,2,2
magnet_pull,,,,,0,0,1,1,0,2,2,2,2,2,2,2,2,3,3,3,3
marvel_scale,,,,,0,0,0,0,0,1,1,2,1,2,2,3,3,4,4,4,4
mega_launcher,,,,,,,,,,,,,,,,0,0,0,0,0,0
merciless,,,,,,,,,,,,,,,,,,0,0,0,0
mimicry,,,,,,,,,,,,,,,,,,,,,0
minus,,,,,0,0,0,0,0,1,1,2,1,3,3,4,4,5,5,5,5
mirror_armor,,,,,,,,,,,,,,,,,,,,,0
misty_surge,,,,,,,,,,,,,,,,,,0,0,0,0
mold_breaker,,,,,,,,,,0,0,0,0,1,1,2,2,2,2,2,2
moody,,,,,,,,,,,,,,0,0,0,0,1,1,1,1
motor_drive,,,,,,,,,,0,0,0,0,0,0,1,1,2,2,2,3
moxie,,,,,,,,,,,,,,0,0,1,1,2,2,2,2
multiscale,,,,,,,,,,,,,,0,0,1,1,2,2,2,3
multitype,,,,,,,,,,0,0,0,0,0,0,1,1,2,2,2,2
mummy,,,,,,,,,,,,,,0,0,1,1,2,2,2,2
natural_cure,,,,,0,0,0,0,0,1,1,2,1,2,2,3,3,3,3,3,3
neuroforce,,,,,,,,,,,,,,,,,,0,0,0,0
neutralizing_gas,,,,,,,,,,,,,,,,,,,,,0
no_guard,,,,,,,,,,0,0,1,0,2,2,2,2,3,3,3,3
normalize,,,,,,,,,,0,0,0,0,0,0,1,1,2,2,2,2
oblivious,,,,,0,0,0,0,0,1,1,2,1,2,2,3,3,4,4,4,4
overcoat,,,,,,,,,,,,,,0,0,1,1,2,2,2,2
overgrow,,,,,0,0,0,0,0,1,1,1,1,1,1,2,2,3,3,3,3
own_tempo,,,,,0,0,0,0,0,1,1,1,1,1,1,1,1,2,2,2,2
parental_bond,,,,,,,,,,,,,,,,0,0,1,1,1,1
pastel_veil,,,,,,,,,,,,,,,,,,,,,0
perish_body,,,,,,,,,,,,,,,,,,,,,0
pickpocket,,,,,,,,,,,,,,0,0,1,1,1,1,1,1
pickup,,,,,0,0,0,0,0,1,1,1,1,1,1,1,1,2,2,2,2
pixilate,,,,,,,,,,,,,,,,0,0,1,1,1,1
plus,,,,,0,0,0,0,0,1,1,2,1,3,3,4,4,5,5,5,5
poison_heal,,,,,,,,,,0,0,0,0,0,0,0,0,1,1,1,2
poison_point,,,,,0,0,1,1,0,2,2,2,2,3,3,3,3,3,3,3,3
poison_touch,,,,,,,,,,,,,,0,0,1,1,1,1,1,1
power_construct,,,,,,,,,,,,,,,,,,0,0,0,0
power_of_alchemy,,,,,,,,,,,,,,,,,,0,0,0,0
power_spot,,,,,,,,,,,,,,,,,,,,,0
prankster,,,,,,,,,,,,,,0,0,0,0,0,0,0,0
pressure,,,,,0,0,0,0,0,1,1,1,1,1,1,2,2,3,3,3,3
primordial_sea,,,,,,,,,,,,,,,,0,0,1,1,1,1
prism_armor,,,,,,,,,,,,,,,,,,0,0,0,0
propeller_tail,,,,,,,,,,,,,,,,,,,,,0
protean,,,,,,,,,,,,,,,,0,0,1,1,1,1
psychic_surge,,,,,,,,,,,,,,,,,,0,0,0,0
punk_rock,,,,,,,,,,,,,,,,,,,,,0
pure_power,,,,,0,0,0,0,0,1,1,1,1,2,2,3,3,4,4,4,4
queenly_majesty,,,,,,,,,,,,,,,,,,0,0,0,0
quick_draw,,,,,,,,,,,,,,,,,,,,,0
quick_feet,,,,,,,,,,0,0,0,0,0,0,1,1,1,1,1,1
rain_dish,,,,,0,0,0,0,0,1,1,1,1,2,2,2,2,2,2,2,2
rattled,,,,,,,,,,,,,,0,0,1,1,2,2,2,2
receiver,,,,,,,,,,,,,,,,,,0,0,0,0
reckless,,,,,,,,,,0,0,0,0,0,0,0,0,0,0,0,0
refrigerate,,,,,,,,,,,,,,,,0,0,1,1,1,1
regenerator,,,,,,,,,,,,,,0,0,0,0,0,0,0,0
ripen,,,,,,,,,,,,,,,,,,,,,0
rivalry,,,,,,,,,,0,0,0,0,1,1,2,2,3,3,3,3
rks_system,,,,,,,,,,,,,,,,,,0,0,0,0
rock_head,,,,,0,0,0,0,0,1,1,1,1,1,1,1,1,1,1,1,1
rough_skin,,,,,0,0,0,0,0,1,1,1,1,1,1,2,2,3,3,3,3
run_away,,,,,0,0,0,0,0,1,1,1,1,2,2,2,2,2,2,2,2
sand_force,,,,,,,,,,,,,,0,0,0,0,1,1,1,1
sand_rush,,,,,,,,,,,,,,0,0,1,1,1,1,1,1
sand_spit,,,,,,,,,,,,,,,,,,,,,0
sand_stream,,,,,0,0,0,0,0,1,1,1,1,1,1,1,1,2,2,2,2
sand_veil,,,,,0,0,0,0,0,1,1,1,1,1,1,1,1,1,1,1,2
sap_sipper,,,,,,,,,,,,,,0,0,1,1,2,2,2,3
schooling,,,,,,,,,,,,,,,,,,0,0,0,0
scrappy,,,,,,,,,,0,0,0,0,1,1,2,2,3,3,3,3
screen_cleaner,,,,,,,,,,,,,,,,,,,,,0
serene_grace,,,,,0,0,0,0,0,1,1,1,1,1,1,2,2,3,3,3,3
shadow_shield,,,,,,,,,,,,,,,,,,0,0,0,0
shadow_tag,,,,,0,0,0,0,0,1,1,1,1,1,1,2,2,3,3,3,3
shed_skin,,,,,0,0,0,0,0,1,1,1,1,1,1,2,2,3,3,3,3
sheer_force,,,,,,,,,,,,,,0,0,1,1,2,2,2,2
shell_armor,,,,,0,0,0,0,0,1,1,1,1,1,1,2,2,3,3,3,3
shield_dust,,,,,0,0,0,0,0,1,1,1,1,1,1,2,2,3,3,3,3
shields_down,,,,,,,,,,,,,,,,,,0,0,0,0
simple,,,,,,,,,,0,0,0,0,0,0,0,0,1,1,1,1
skill_link,,,,,,,,,,0,0,0,0,0,0,1,1,2,2,2,3
slow_start,,,,,,,,,,0,0,0,0,0,0,1,1,2,2,2,2
slush_rush,,,,,,,,,,,,,,,,,,0,0,0,0
sniper,,,,,,,,,,0,0,0,0,0,0,0,0,1,1,1,1
snow_cloak,,,,,,,,,,0,0,0,0,0,0,1,1,1,1,1,2
snow_warning,,,,,,,,,,0,0,0,0,0,0,1,1,1,1,1,1
solar_power,,,,,,,,,,0,0,0,0,1,1,2,2,3,4,3,4
solid_rock,,,,,,,,,,0,0,1,0,1,1,1,1,2,2,2,2
soul_heart,,,,,,,,,,,,,,,,,,0,0,0,0
soundproof,,,,,0,0,0,0,0,1,1,1,1,1,1,1,1,2,2,2,3
speed_boost,,,,,0,0,0,0,0,1,1,2,1,2,2,2,2,3,3,3,3
stakeout,,,,,,,,,,,,,,,,,,0,0,0,0
stall,,,,,,,,,,0,0,0,0,1,1,1,1,1,1,1,1
stalwart,,,,,,,,,,,,,,,,,,,,,0
stamina,,,,,,,,,,,,,,,,,,0,0,0,0
stance_change,,,,,,,,,,,,,,,,0,0,1,1,1,2
static,,,,,0,0,0,0,0,1,1,1,1,1,1,1,1,2,2,2,2
steadfast,,,,,,,,,,0,0,0,0,0,0,1,1,2,2,2,2
steam_engine,,,,,,,,,,,,,,,,,,,,,0
steelworker,,,,,,,,,,,,,,,,,,0,0,0,0
steely_spirit,,,,,,,,,,,,,,,,,,,,,0
stench,,,,,0,0,0,0,0,1,1,1,1,2,2,2,2,3,3,3,3
sticky_hold,,,,,0,0,0,0,0,1,1,1,1,1,1,1,1,2,2,2,2
storm_drain,,,,,,,,,,0,0,0,0,1,1,2,2,3,3,3,3
strong_jaw,,,,,,,,,,,,,,,,0,0,1,1,1,1
sturdy,,,,,0,0,0,0,0,1,1,1,1,2,2,2,2,3,3,3,3
suction_cups,,,,,0,0,0,0,0,1,1,2,1,3,3,4,4,5,5,5,5
super_luck,,,,,,,,,,0,0,0,0,0,0,1,1,2,2,2,2
surge_surfer,,,,,,,,,,,,,,,,,,0,0,0,0
swarm,,,,,0,0,0,0,0,1,1,1,1,1,1,2,2,3,3,3,3
sweet_veil,,,,,,,,,,,,,,,,0,0,0,0,0,0
swift_swim,,,,,0,0,0,0,0,1,1,1,1,1,1,2,2,2,2,2,2
symbiosis,,,,,,,,,,,,,,,,0,0,1,1,1,1
synchronize,,,,,0,0,0,0,0,1,1,2,1,2,2,3,3,4,4,4,4
tangled_feet,,,,,,,,,,0,0,0,0,1,1,1,1,1,1,1,2
tangling_hair,,,,,,,,,,,,,,,,,,0,0,0,0
technician,,,,,,,,,,0,0,0,0,0,0,0,0,0,0,0,0
telepathy,,,,,,,,,,,,,,0,0,0,0,0,0,0,0
teravolt,,,,,,,,,,,,,,0,0,1,1,1,1,1,1
thick_fat,,,,,0,0,0,0,0,1,1,2,1,2,2,3,3,4,4,4,4
tinted_lens,,,,,,,,,,0,0,0,0,1,1,1,1,2,2,2,2
torrent,,,,,0,0,0,0,0,1,1,1,1,1,1,2,2,3,3,3,3
tough_claws,,,,,,,,,,,,,,,,0,0,0,0,0,0
toxic_boost,,,,,,,,,,,,,,0,0,1,1,1,1,1,1
trace,,,,,0,0,0,0,0,1,1,1,1,2,2,3,3,4,4,4,4
transistor,,,,,,,,,,,,,,,,,,,,,0
triage,,,,,,,,,,,,,,,,,,0,0,0,0
truant,,,,,0,0,0,0,0,1,1,2,1,2,2,3,3,4,4,4,5
turboblaze,,,,,,,,,,,,,,0,0,1,1,1,1,1,1
unaware,,,,,,,,,,0,0,0,0,1,1,2,2,3,3,3,3
unburden,,,,,,,,,,0,0,0,0,1,1,2,2,3,3,3,3
unnerve,,,,,,,,,,,,,,0,0,1,1,1,1,1,1
unseen_fist,,,,,,,,,,,,,,,,,,,,,0
victory_star,,,,,,,,,,,,,,0,0,0,0,0,0,0,0
vital_spirit,,,,,0,0,0,0,0,1,1,1,1,1,1,1,1,2,2,2,2
volt_absorb,,,,,0,0,0,0,0,1,1,1,1,1,1,1,1,2,2,2,3
wandering_spirit,,,,,,,,,,,,,,,,,,,,,0
water_absorb,,,,,0,0,0,0,0,1,1,1,1,1,1,1,1,2,2,2,3
water_bubble,,,,,,,,,,,,,,,,,,0,0,0,0
water_compaction,,,,,,,,,,,,,,,,,,0,0,0,0
water_veil,,,,,0,0,0,0,0,1,1,1,1,1,1,1,1,2,2,2,2
weak_armor,,,,,,,,,,,,,,0,0,1,1,2,2,2,2
white_smoke,,,,,0,0,0,0,0,1,1,2,1,3,3,3,3,4,4,4,4
wimp_out,,,,,,,,,,,,,,,,,,0,0,0,0
wonder_guard,,,,,0,0,1,1,0,2,2,2,2,2,2,2,2,3,3,3,3
wonder_skin,,,,,,,,,,,,,,0,0,1,1,1,1,1,1
zen_mode,,,,,,,,,,,,,,0,0,1,1,1,1,1,1
