Dex Number,Sprite URL,Pokemon Name,Ability 1,Ability 2,Hidden,Gen
1,//cdn2.bulbagarden.net/upload/2/21/001MS8.png,bulbasaur,overgrow,,chlorophyll,1
2,//cdn2.bulbagarden.net/upload/3/38/002MS8.png,ivysaur,overgrow,,chlorophyll,1
3,//cdn2.bulbagarden.net/upload/b/ba/003MS8.png,venusaur,overgrow,,chlorophyll,1
3,//cdn2.bulbagarden.net/upload/0/0e/003MMS6.png,venusaur_mega,thick_fat,,,6
4,//cdn2.bulbagarden.net/upload/d/dc/004MS8.png,charmander,blaze,,solar_power,1
5,//cdn2.bulbagarden.net/upload/b/b8/005MS8.png,charmeleon,blaze,,solar_power,1
6,//cdn2.bulbagarden.net/upload/a/a4/006MS8.png,charizard,blaze,,solar_power,1
6,//cdn2.bulbagarden.net/upload/a/a6/006MXMS6.png,charizard_mega_x,tough_claws,,,6
6,//cdn2.bulbagarden.net/upload/2/26/006MYMS6.png,charizard_mega_y,drought,,,6
7,//cdn2.bulbagarden.net/upload/d/dc/007MS8.png,squirtle,torrent,,rain_dish,1
8,//cdn2.bulbagarden.net/upload/a/af/008MS8.png,wartortle,torrent,,rain_dish,1
9,//cdn2.bulbagarden.net/upload/f/f0/009MS8.png,blastoise,torrent,,rain_dish,1
9,//cdn2.bulbagarden.net/upload/0/0a/009MMS6.png,blastoise_mega,mega_launcher,,,6
10,//cdn2.bulbagarden.net/upload/6/61/010MS8.png,caterpie,shield_dust,,run_away,1
11,//cdn2.bulbagarden.net/upload/f/f9/011MS8.png,metapod,shed_skin,,,1
12,//cdn2.bulbagarden.net/upload/f/fe/012MS8.png,butterfree,compound_eyes,,tinted_lens,1
13,//cdn2.bulbagarden.net/upload/b/bc/013MSPE.png,weedle,shield_dust,,run_away,1
14,//cdn2.bulbagarden.net/upload/7/70/014MSPE.png,kakuna,shed_skin,,,1
15,//cdn2.bulbagarden.net/upload/a/a2/015MSPE.png,beedrill,swarm,,sniper,1
15,//cdn2.bulbagarden.net/upload/4/4c/015MMS6.png,beedrill_mega,adaptability,,,6
16,//cdn2.bulbagarden.net/upload/5/56/016MSPE.png,pidgey,keen_eye,tangled_feet,big_pecks,1
17,//cdn2.bulbagarden.net/upload/c/cc/017MSPE.png,pidgeotto,keen_eye,tangled_feet,big_pecks,1
18,//cdn2.bulbagarden.net/upload/9/93/018MSPE.png,pidgeot,keen_eye,tangled_feet,big_pecks,1
18,//cdn2.bulbagarden.net/upload/9/9b/018MMS6.png,pidgeot_mega,no_guard,,,6
19,//cdn2.bulbagarden.net/upload/7/7a/019MSPE.png,rattata,run_away,guts,hustle,1
19,//cdn2.bulbagarden.net/upload/4/45/019AMSPE.png,rattata_alola,gluttony,hustle,thick_fat,7
20,//cdn2.bulbagarden.net/upload/7/77/020MSPE.png,raticate,run_away,guts,hustle,1
20,//cdn2.bulbagarden.net/upload/6/61/020AMSPE.png,raticate_alola,gluttony,hustle,thick_fat,7
21,//cdn2.bulbagarden.net/upload/a/af/021MSPE.png,spearow,keen_eye,,sniper,1
22,//cdn2.bulbagarden.net/upload/7/76/022MSPE.png,fearow,keen_eye,,sniper,1
23,//cdn2.bulbagarden.net/upload/a/a7/023MSPE.png,ekans,intimidate,shed_skin,unnerve,1
24,//cdn2.bulbagarden.net/upload/2/2c/024MSPE.png,arbok,intimidate,shed_skin,unnerve,1
172,//cdn2.bulbagarden.net/upload/b/be/172MS8.png,pichu,static,,lightning_rod,2
172,//cdn2.bulbagarden.net/upload/b/be/172MS8.png,pichu_spiky_eared,static,,,4
25,//cdn2.bulbagarden.net/upload/6/66/025MS8.png,pikachu,static,,lightning_rod,1
25,//cdn2.bulbagarden.net/upload/0/0e/025CoMS6.png,pikachu_rock_star,lightning_rod,,,6
25,//cdn2.bulbagarden.net/upload/0/0e/025CoMS6.png,pikachu_belle,lightning_rod,,,6
25,//cdn2.bulbagarden.net/upload/0/0e/025CoMS6.png,pikachu_pop_star,lightning_rod,,,6
25,//cdn2.bulbagarden.net/upload/0/0e/025CoMS6.png,pikachu_phd,lightning_rod,,,6
25,//cdn2.bulbagarden.net/upload/0/0e/025CoMS6.png,pikachu_libre,lightning_rod,,,6
25,//cdn2.bulbagarden.net/upload/b/b6/025OMS8.png,pikachu_original_cap,static,,,7
25,//cdn2.bulbagarden.net/upload/b/b6/025OMS8.png,pikachu_kalos_cap,static,,,7
25,//cdn2.bulbagarden.net/upload/b/b6/025OMS8.png,pikachu_alola_cap,static,,,7
25,//cdn2.bulbagarden.net/upload/b/b6/025OMS8.png,pikachu_hoenn_cap,static,,,7
25,//cdn2.bulbagarden.net/upload/b/b6/025OMS8.png,pikachu_sinnoh_cap,static,,,7
25,//cdn2.bulbagarden.net/upload/b/b6/025OMS8.png,pikachu_unova_cap,static,,,7
25,//cdn2.bulbagarden.net/upload/b/b6/025OMS8.png,pikachu_with_partner_cap,static,,,7
25,//cdn2.bulbagarden.net/upload/b/b6/025OMS8.png,pikachu_world_cap,static,,,7
26,//cdn2.bulbagarden.net/upload/b/b5/026MS8.png,raichu,static,,lightning_rod,1
26,//cdn2.bulbagarden.net/upload/9/9f/026AMS8.png,raichu_alola,surge_surfer,,,7
27,//cdn2.bulbagarden.net/upload/a/ac/027MS8.png,sandshrew,sand_veil,,sand_rush,1
27,//cdn2.bulbagarden.net/upload/4/4c/027AMS8.png,sandshrew_alola,snow_cloak,,slush_rush,7
28,//cdn2.bulbagarden.net/upload/b/b6/028MS8.png,sandslash,sand_veil,,sand_rush,1
28,//cdn2.bulbagarden.net/upload/8/81/028AMS8.png,sandslash_alola,snow_cloak,,slush_rush,7
29,//cdn2.bulbagarden.net/upload/8/89/029MS8.png,nidoran_f,poison_point,rivalry,hustle,1
30,//cdn2.bulbagarden.net/upload/9/9e/030MS8.png,nidorina,poison_point,rivalry,hustle,1
31,//cdn2.bulbagarden.net/upload/8/8d/031MS8.png,nidoqueen,poison_point,rivalry,sheer_force,1
32,//cdn2.bulbagarden.net/upload/4/4a/032MS8.png,nidoran_m,poison_point,rivalry,hustle,1
33,//cdn2.bulbagarden.net/upload/7/75/033MS8.png,nidorino,poison_point,rivalry,hustle,1
34,//cdn2.bulbagarden.net/upload/8/8a/034MS8.png,nidoking,poison_point,rivalry,sheer_force,1
173,//cdn2.bulbagarden.net/upload/e/e0/173MS8.png,cleffa,cute_charm,magic_guard,friend_guard,2
35,//cdn2.bulbagarden.net/upload/c/cf/035MS8.png,clefairy,cute_charm,magic_guard,friend_guard,1
36,//cdn2.bulbagarden.net/upload/9/97/036MS8.png,clefable,cute_charm,magic_guard,unaware,1
37,//cdn2.bulbagarden.net/upload/6/6d/037MS8.png,vulpix,flash_fire,,drought,1
37,//cdn2.bulbagarden.net/upload/2/2f/037AMS8.png,vulpix_alola,snow_cloak,,snow_warning,7
38,//cdn2.bulbagarden.net/upload/6/61/038MS8.png,ninetales,flash_fire,,drought,1
38,//cdn2.bulbagarden.net/upload/9/95/038AMS8.png,ninetales_alola,snow_cloak,,snow_warning,7
174,//cdn2.bulbagarden.net/upload/9/95/174MS8.png,igglybuff,cute_charm,competitive,friend_guard,2
39,//cdn2.bulbagarden.net/upload/f/f3/039MS8.png,jigglypuff,cute_charm,competitive,friend_guard,1
40,//cdn2.bulbagarden.net/upload/c/c6/040MS8.png,wigglytuff,cute_charm,competitive,frisk,1
41,//cdn2.bulbagarden.net/upload/0/0c/041MS8.png,zubat,inner_focus,,infiltrator,1
42,//cdn2.bulbagarden.net/upload/c/ce/042MS8.png,golbat,inner_focus,,infiltrator,1
169,//cdn2.bulbagarden.net/upload/f/fa/169MS8.png,crobat,inner_focus,,infiltrator,2
43,//cdn2.bulbagarden.net/upload/6/68/043MS8.png,oddish,chlorophyll,,run_away,1
44,//cdn2.bulbagarden.net/upload/f/f5/044MS8.png,gloom,chlorophyll,,stench,1
45,//cdn2.bulbagarden.net/upload/a/a5/045MS8.png,vileplume,chlorophyll,,effect_spore,1
182,//cdn2.bulbagarden.net/upload/c/c9/182MS8.png,bellossom,chlorophyll,,healer,2
46,//cdn2.bulbagarden.net/upload/6/6a/046MSPE.png,paras,effect_spore,dry_skin,damp,1
47,//cdn2.bulbagarden.net/upload/4/40/047MSPE.png,parasect,effect_spore,dry_skin,damp,1
48,//cdn2.bulbagarden.net/upload/3/30/048MSPE.png,venonat,compound_eyes,tinted_lens,run_away,1
49,//cdn2.bulbagarden.net/upload/a/a7/049MSPE.png,venomoth,shield_dust,tinted_lens,wonder_skin,1
50,//cdn2.bulbagarden.net/upload/f/f1/050MS8.png,diglett,sand_veil,arena_trap,sand_force,1
50,//cdn2.bulbagarden.net/upload/3/31/050AMS8.png,diglett_alola,sand_veil,tangling_hair,sand_force,7
51,//cdn2.bulbagarden.net/upload/2/2a/051MS8.png,dugtrio,sand_veil,arena_trap,sand_force,1
51,//cdn2.bulbagarden.net/upload/7/73/051AMS8.png,dugtrio_alola,sand_veil,tangling_hair,sand_force,7
52,//cdn2.bulbagarden.net/upload/e/e4/052MS8.png,meowth,pickup,technician,unnerve,1
52,//cdn2.bulbagarden.net/upload/b/b1/052AMS8.png,meowth_alola,pickup,technician,rattled,7
52,//cdn2.bulbagarden.net/upload/a/a9/052GMS8.png,meowth_galar,pickup,tough_claws,unnerve,8
53,//cdn2.bulbagarden.net/upload/f/f7/053MS8.png,persian,limber,technician,unnerve,1
53,//cdn2.bulbagarden.net/upload/f/ff/053AMS8.png,persian_alola,fur_coat,technician,rattled,7
863,//cdn2.bulbagarden.net/upload/e/e5/863MS8.png,perrserker,battle_armor,tough_claws,steely_spirit,8
54,//cdn2.bulbagarden.net/upload/a/a0/054MS8.png,psyduck,damp,cloud_nine,swift_swim,1
55,//cdn2.bulbagarden.net/upload/7/7f/055MS8.png,golduck,damp,cloud_nine,swift_swim,1
56,//cdn2.bulbagarden.net/upload/a/af/056MSPE.png,mankey,vital_spirit,anger_point,defiant,1
57,//cdn2.bulbagarden.net/upload/a/aa/057MSPE.png,primeape,vital_spirit,anger_point,defiant,1
58,//cdn2.bulbagarden.net/upload/4/45/058MS8.png,growlithe,intimidate,flash_fire,justified,1
59,//cdn2.bulbagarden.net/upload/c/cc/059MS8.png,arcanine,intimidate,flash_fire,justified,1
60,//cdn2.bulbagarden.net/upload/c/c7/060MS8.png,poliwag,water_absorb,damp,swift_swim,1
61,//cdn2.bulbagarden.net/upload/b/b1/061MS8.png,poliwhirl,water_absorb,damp,swift_swim,1
62,//cdn2.bulbagarden.net/upload/e/e4/062MS8.png,poliwrath,water_absorb,damp,swift_swim,1
186,//cdn2.bulbagarden.net/upload/f/ff/186MS8.png,politoed,water_absorb,damp,drizzle,2
63,//cdn2.bulbagarden.net/upload/4/4e/063MS8.png,abra,synchronize,inner_focus,magic_guard,1
64,//cdn2.bulbagarden.net/upload/d/dc/064MS8.png,kadabra,synchronize,inner_focus,magic_guard,1
65,//cdn2.bulbagarden.net/upload/4/41/065MS8.png,alakazam,synchronize,inner_focus,magic_guard,1
65,//cdn2.bulbagarden.net/upload/5/5a/065MMS6.png,alakazam_mega,trace,,,6
66,//cdn2.bulbagarden.net/upload/4/4c/066MS8.png,machop,guts,no_guard,steadfast,1
67,//cdn2.bulbagarden.net/upload/1/13/067MS8.png,machoke,guts,no_guard,steadfast,1
68,//cdn2.bulbagarden.net/upload/8/87/068MS8.png,machamp,guts,no_guard,steadfast,1
69,//cdn2.bulbagarden.net/upload/4/41/069MSPE.png,bellsprout,chlorophyll,,gluttony,1
70,//cdn2.bulbagarden.net/upload/2/2e/070MSPE.png,weepinbell,chlorophyll,,gluttony,1
71,//cdn2.bulbagarden.net/upload/4/4b/071MSPE.png,victreebel,chlorophyll,,gluttony,1
72,//cdn2.bulbagarden.net/upload/6/6f/072MS8.png,tentacool,clear_body,liquid_ooze,rain_dish,1
73,//cdn2.bulbagarden.net/upload/6/6c/073MS8.png,tentacruel,clear_body,liquid_ooze,rain_dish,1
74,//cdn2.bulbagarden.net/upload/0/04/074MSPE.png,geodude,rock_head,sturdy,sand_veil,1
74,//cdn2.bulbagarden.net/upload/6/66/074AMSPE.png,geodude_alola,magnet_pull,sturdy,galvanize,7
75,//cdn2.bulbagarden.net/upload/0/00/075MSPE.png,graveler,rock_head,sturdy,sand_veil,1
75,//cdn2.bulbagarden.net/upload/0/05/075AMSPE.png,graveler_alola,magnet_pull,sturdy,galvanize,7
76,//cdn2.bulbagarden.net/upload/a/a9/076MSPE.png,golem,rock_head,sturdy,sand_veil,1
76,//cdn2.bulbagarden.net/upload/6/65/076AMSPE.png,golem_alola,magnet_pull,sturdy,galvanize,7
77,//cdn2.bulbagarden.net/upload/3/30/077MS8.png,ponyta,run_away,flash_fire,flame_body,1
77,//cdn2.bulbagarden.net/upload/6/6c/077GMS8.png,ponyta_galar,run_away,pastel_veil,anticipation,8
78,//cdn2.bulbagarden.net/upload/2/2b/078MS8.png,rapidash,run_away,flash_fire,flame_body,1
78,//cdn2.bulbagarden.net/upload/c/cb/078GMS8.png,rapidash_galar,run_away,pastel_veil,anticipation,8
79,//cdn2.bulbagarden.net/upload/3/31/079MS8.png,slowpoke,oblivious,own_tempo,regenerator,1
79,//cdn2.bulbagarden.net/upload/0/0b/079GMS8.png,slowpoke_galar,gluttony,own_tempo,regenerator,8
80,//cdn2.bulbagarden.net/upload/c/cb/080MS8.png,slowbro,oblivious,own_tempo,regenerator,1
80,//cdn2.bulbagarden.net/upload/0/04/080MMS6.png,slowbro_mega,shell_armor,,,6
80,//cdn2.bulbagarden.net/upload/8/8c/080GMS8.png,slowbro_galar,quick_draw,own_tempo,regenerator,8
199,//cdn2.bulbagarden.net/upload/f/f0/199MS8.png,slowking,oblivious,own_tempo,regenerator,2
199,//cdn2.bulbagarden.net/upload/a/ad/199GMS8.png,slowking_galar,curious_medicine,own_tempo,regenerator,8
81,//cdn2.bulbagarden.net/upload/e/ea/081MS8.png,magnemite,magnet_pull,sturdy,analytic,1
82,//cdn2.bulbagarden.net/upload/d/da/082MS8.png,magneton,magnet_pull,sturdy,analytic,1
462,//cdn2.bulbagarden.net/upload/8/8f/462MS8.png,magnezone,magnet_pull,sturdy,analytic,4
83,//cdn2.bulbagarden.net/upload/2/23/083MS8.png,farfetchd,keen_eye,inner_focus,defiant,1
83,//cdn2.bulbagarden.net/upload/1/10/083GMS8.png,farfetchd_galar,steadfast,,scrappy,8
865,//cdn2.bulbagarden.net/upload/4/46/865MS8.png,sirfetchd,steadfast,,scrappy,8
84,//cdn2.bulbagarden.net/upload/5/58/084MSPE.png,doduo,run_away,early_bird,tangled_feet,1
85,//cdn2.bulbagarden.net/upload/3/3b/085MSPE.png,dodrio,run_away,early_bird,tangled_feet,1
86,//cdn2.bulbagarden.net/upload/3/37/086MSPE.png,seel,thick_fat,hydration,ice_body,1
87,//cdn2.bulbagarden.net/upload/a/a7/087MSPE.png,dewgong,thick_fat,hydration,ice_body,1
88,//cdn2.bulbagarden.net/upload/6/63/088MSPE.png,grimer,stench,sticky_hold,poison_touch,1
88,//cdn2.bulbagarden.net/upload/e/ec/088AMSPE.png,grimer_alola,poison_touch,gluttony,power_of_alchemy,7
89,//cdn2.bulbagarden.net/upload/d/d1/089MSPE.png,muk,stench,sticky_hold,poison_touch,1
89,//cdn2.bulbagarden.net/upload/0/01/089AMSPE.png,muk_alola,poison_touch,gluttony,power_of_alchemy,7
90,//cdn2.bulbagarden.net/upload/8/8f/090MS8.png,shellder,shell_armor,skill_link,overcoat,1
91,//cdn2.bulbagarden.net/upload/c/ce/091MS8.png,cloyster,shell_armor,skill_link,overcoat,1
92,//cdn2.bulbagarden.net/upload/8/8e/092MS8.png,gastly,levitate,,,1
93,//cdn2.bulbagarden.net/upload/e/e8/093MS8.png,haunter,levitate,,,1
94,//cdn2.bulbagarden.net/upload/5/58/094MS8.png,gengar,cursed_body,,,1
94,//cdn2.bulbagarden.net/upload/c/c9/094MMS6.png,gengar_mega,shadow_tag,,,6
95,//cdn2.bulbagarden.net/upload/5/5e/095MS8.png,onix,rock_head,sturdy,weak_armor,1
208,//cdn2.bulbagarden.net/upload/e/ee/208MS8.png,steelix,rock_head,sturdy,sheer_force,2
208,//cdn2.bulbagarden.net/upload/6/64/208MMS6.png,steelix_mega,sand_force,,,6
96,//cdn2.bulbagarden.net/upload/1/12/096MSPE.png,drowzee,insomnia,forewarn,inner_focus,1
97,//cdn2.bulbagarden.net/upload/6/64/097MSPE.png,hypno,insomnia,forewarn,inner_focus,1
98,//cdn2.bulbagarden.net/upload/b/be/098MS8.png,krabby,hyper_cutter,shell_armor,sheer_force,1
99,//cdn2.bulbagarden.net/upload/f/fd/099MS8.png,kingler,hyper_cutter,shell_armor,sheer_force,1
100,//cdn2.bulbagarden.net/upload/3/31/100MSPE.png,voltorb,soundproof,static,aftermath,1
101,//cdn2.bulbagarden.net/upload/3/31/101MSPE.png,electrode,soundproof,static,aftermath,1
102,//cdn2.bulbagarden.net/upload/0/07/102MS8.png,exeggcute,chlorophyll,,harvest,1
103,//cdn2.bulbagarden.net/upload/f/fb/103MS8.png,exeggutor,chlorophyll,,harvest,1
103,//cdn2.bulbagarden.net/upload/d/d3/103AMS8.png,exeggutor_alola,frisk,,harvest,7
104,//cdn2.bulbagarden.net/upload/8/88/104MS8.png,cubone,rock_head,lightning_rod,battle_armor,1
105,//cdn2.bulbagarden.net/upload/7/72/105MS8.png,marowak,rock_head,lightning_rod,battle_armor,1
105,//cdn2.bulbagarden.net/upload/1/1d/105AMS8.png,marowak_alola,cursed_body,lightning_rod,rock_head,7
236,//cdn2.bulbagarden.net/upload/d/dc/236MS8.png,tyrogue,guts,steadfast,vital_spirit,2
106,//cdn2.bulbagarden.net/upload/5/5d/106MS8.png,hitmonlee,limber,reckless,unburden,1
107,//cdn2.bulbagarden.net/upload/8/81/107MS8.png,hitmonchan,keen_eye,iron_fist,inner_focus,1
237,//cdn2.bulbagarden.net/upload/9/93/237MS8.png,hitmontop,intimidate,technician,steadfast,2
108,//cdn2.bulbagarden.net/upload/3/32/108MS8.png,lickitung,own_tempo,oblivious,cloud_nine,1
463,//cdn2.bulbagarden.net/upload/d/dc/463MS8.png,lickilicky,own_tempo,oblivious,cloud_nine,4
109,//cdn2.bulbagarden.net/upload/c/c7/109MS8.png,koffing,levitate,neutralizing_gas,stench,1
110,//cdn2.bulbagarden.net/upload/5/58/110MS8.png,weezing,levitate,neutralizing_gas,stench,1
110,//cdn2.bulbagarden.net/upload/f/f4/110GMS8.png,weezing_galar,levitate,neutralizing_gas,misty_surge,8
111,//cdn2.bulbagarden.net/upload/e/e1/111MS8.png,rhyhorn,lightning_rod,rock_head,reckless,1
112,//cdn2.bulbagarden.net/upload/0/04/112MS8.png,rhydon,lightning_rod,rock_head,reckless,1
464,//cdn2.bulbagarden.net/upload/d/d6/464MS8.png,rhyperior,lightning_rod,solid_rock,reckless,4
440,//cdn2.bulbagarden.net/upload/3/35/440MS8.png,happiny,natural_cure,serene_grace,friend_guard,4
113,//cdn2.bulbagarden.net/upload/f/f1/113MS8.png,chansey,natural_cure,serene_grace,healer,1
242,//cdn2.bulbagarden.net/upload/d/d6/242MS8.png,blissey,natural_cure,serene_grace,healer,2
114,//cdn2.bulbagarden.net/upload/b/b3/114MS8.png,tangela,chlorophyll,leaf_guard,regenerator,1
465,//cdn2.bulbagarden.net/upload/6/65/465MS8.png,tangrowth,chlorophyll,leaf_guard,regenerator,4
115,//cdn2.bulbagarden.net/upload/7/74/115MS8.png,kangaskhan,early_bird,scrappy,inner_focus,1
115,//cdn2.bulbagarden.net/upload/4/41/115MMS6.png,kangaskhan_mega,parental_bond,,,6
116,//cdn2.bulbagarden.net/upload/6/65/116MS8.png,horsea,swift_swim,sniper,damp,1
117,//cdn2.bulbagarden.net/upload/a/ae/117MS8.png,seadra,poison_point,sniper,damp,1
230,//cdn2.bulbagarden.net/upload/7/7f/230MS8.png,kingdra,swift_swim,sniper,damp,2
118,//cdn2.bulbagarden.net/upload/7/71/118MS8.png,goldeen,swift_swim,water_veil,lightning_rod,1
119,//cdn2.bulbagarden.net/upload/5/59/119MS8.png,seaking,swift_swim,water_veil,lightning_rod,1
120,//cdn2.bulbagarden.net/upload/0/04/120MS8.png,staryu,illuminate,natural_cure,analytic,1
121,//cdn2.bulbagarden.net/upload/2/2b/121MS8.png,starmie,illuminate,natural_cure,analytic,1
439,//cdn2.bulbagarden.net/upload/c/c3/439MS8.png,mime_jr,soundproof,filter,technician,4
122,//cdn2.bulbagarden.net/upload/e/e6/122MS8.png,mr_mime,soundproof,filter,technician,1
122,//cdn2.bulbagarden.net/upload/0/02/122GMS8.png,mr_mime_galar,vital_spirit,screen_cleaner,ice_body,8
866,//cdn2.bulbagarden.net/upload/4/41/866MS8.png,mr_rime,tangled_feet,screen_cleaner,ice_body,8
123,//cdn2.bulbagarden.net/upload/e/e6/123MS8.png,scyther,swarm,technician,steadfast,1
212,//cdn2.bulbagarden.net/upload/b/bb/212MS8.png,scizor,swarm,technician,light_metal,2
212,//cdn2.bulbagarden.net/upload/d/d8/212MMS6.png,scizor_mega,technician,,,6
238,//cdn2.bulbagarden.net/upload/0/0e/238MS8.png,smoochum,oblivious,forewarn,hydration,2
124,//cdn2.bulbagarden.net/upload/9/90/124MS8.png,jynx,oblivious,forewarn,dry_skin,1
239,//cdn2.bulbagarden.net/upload/3/33/239MS8.png,elekid,static,,vital_spirit,2
125,//cdn2.bulbagarden.net/upload/f/f0/125MS8.png,electabuzz,static,,vital_spirit,1
466,//cdn2.bulbagarden.net/upload/1/15/466MS8.png,electivire,motor_drive,,vital_spirit,4
240,//cdn2.bulbagarden.net/upload/0/06/240MS8.png,magby,flame_body,,vital_spirit,2
126,//cdn2.bulbagarden.net/upload/3/3c/126MS8.png,magmar,flame_body,,vital_spirit,1
467,//cdn2.bulbagarden.net/upload/d/d1/467MS8.png,magmortar,flame_body,,vital_spirit,4
127,//cdn2.bulbagarden.net/upload/b/b8/127MS8.png,pinsir,hyper_cutter,mold_breaker,moxie,1
127,//cdn2.bulbagarden.net/upload/f/f0/127MMS6.png,pinsir_mega,aerilate,,,6
128,//cdn2.bulbagarden.net/upload/b/be/128MS8.png,tauros,intimidate,anger_point,sheer_force,1
129,//cdn2.bulbagarden.net/upload/d/d0/129MS8.png,magikarp,swift_swim,,rattled,1
130,//cdn2.bulbagarden.net/upload/8/8e/130MS8.png,gyarados,intimidate,,moxie,1
130,//cdn2.bulbagarden.net/upload/4/4c/130MMS6.png,gyarados_mega,mold_breaker,,,6
131,//cdn2.bulbagarden.net/upload/c/c3/131MS8.png,lapras,water_absorb,shell_armor,hydration,1
132,//cdn2.bulbagarden.net/upload/9/92/132MS8.png,ditto,limber,,imposter,1
133,//cdn2.bulbagarden.net/upload/1/19/133MS8.png,eevee,run_away,adaptability,anticipation,1
134,//cdn2.bulbagarden.net/upload/c/ca/134MS8.png,vaporeon,water_absorb,,hydration,1
135,//cdn2.bulbagarden.net/upload/8/8c/135MS8.png,jolteon,volt_absorb,,quick_feet,1
136,//cdn2.bulbagarden.net/upload/e/e5/136MS8.png,flareon,flash_fire,,guts,1
196,//cdn2.bulbagarden.net/upload/7/78/196MS8.png,espeon,synchronize,,magic_bounce,2
197,//cdn2.bulbagarden.net/upload/f/f4/197MS8.png,umbreon,synchronize,,inner_focus,2
470,//cdn2.bulbagarden.net/upload/a/ab/470MS8.png,leafeon,leaf_guard,,chlorophyll,4
471,//cdn2.bulbagarden.net/upload/8/87/471MS8.png,glaceon,snow_cloak,,ice_body,4
700,//cdn2.bulbagarden.net/upload/2/21/700MS8.png,sylveon,cute_charm,,pixilate,6
137,//cdn2.bulbagarden.net/upload/b/bc/137MS8.png,porygon,trace,download,analytic,1
233,//cdn2.bulbagarden.net/upload/a/a0/233MS8.png,porygon2,trace,download,analytic,2
474,//cdn2.bulbagarden.net/upload/d/df/474MS8.png,porygon_z,adaptability,download,analytic,4
138,//cdn2.bulbagarden.net/upload/c/c2/138MS8.png,omanyte,swift_swim,shell_armor,weak_armor,1
139,//cdn2.bulbagarden.net/upload/8/80/139MS8.png,omastar,swift_swim,shell_armor,weak_armor,1
140,//cdn2.bulbagarden.net/upload/a/a8/140MS8.png,kabuto,swift_swim,battle_armor,weak_armor,1
141,//cdn2.bulbagarden.net/upload/4/4c/141MS8.png,kabutops,swift_swim,battle_armor,weak_armor,1
142,//cdn2.bulbagarden.net/upload/9/90/142MS8.png,aerodactyl,rock_head,pressure,unnerve,1
142,//cdn2.bulbagarden.net/upload/c/c3/142MMS6.png,aerodactyl_mega,tough_claws,,,6
446,//cdn2.bulbagarden.net/upload/7/7e/446MS8.png,munchlax,pickup,thick_fat,gluttony,4
143,//cdn2.bulbagarden.net/upload/5/5a/143MS8.png,snorlax,immunity,thick_fat,gluttony,1
144,//cdn2.bulbagarden.net/upload/a/a0/144MS8.png,articuno,pressure,,snow_cloak,1
144,//cdn2.bulbagarden.net/upload/b/b2/144GMS8.png,articuno_galar,competitive,,,8
145,//cdn2.bulbagarden.net/upload/4/4b/145MS8.png,zapdos,pressure,,static,1
145,//cdn2.bulbagarden.net/upload/d/d8/145GMS8.png,zapdos_galar,defiant,,,8
146,//cdn2.bulbagarden.net/upload/f/f6/146MS8.png,moltres,pressure,,flame_body,1
146,//cdn2.bulbagarden.net/upload/0/06/146GMS8.png,moltres_galar,berserk,,,8
147,//cdn2.bulbagarden.net/upload/9/9d/147MS8.png,dratini,shed_skin,,marvel_scale,1
148,//cdn2.bulbagarden.net/upload/b/b7/148MS8.png,dragonair,shed_skin,,marvel_scale,1
149,//cdn2.bulbagarden.net/upload/5/55/149MS8.png,dragonite,inner_focus,,multiscale,1
150,//cdn2.bulbagarden.net/upload/3/3e/150MS8.png,mewtwo,pressure,,unnerve,1
150,//cdn2.bulbagarden.net/upload/4/4d/150MXMS6.png,mewtwo_mega_x,steadfast,,,6
150,//cdn2.bulbagarden.net/upload/6/66/150MYMS6.png,mewtwo_mega_y,insomnia,,,6
151,//cdn2.bulbagarden.net/upload/b/b0/151MS8.png,mew,synchronize,,,1
Dex Number,Sprite URL,Pokemon Name,Ability 1,Ability 2,Hidden,Gen
152,//cdn2.bulbagarden.net/upload/4/41/152MS6.png,chikorita,overgrow,,leaf_guard,2
153,//cdn2.bulbagarden.net/upload/7/71/153MS6.png,bayleef,overgrow,,leaf_guard,2
154,//cdn2.bulbagarden.net/upload/2/23/154MS6.png,meganium,overgrow,,leaf_guard,2
155,//cdn2.bulbagarden.net/upload/9/96/155MS6.png,cyndaquil,blaze,,flash_fire,2
156,//cdn2.bulbagarden.net/upload/d/df/156MS6.png,quilava,blaze,,flash_fire,2
157,//cdn2.bulbagarden.net/upload/5/55/157MS6.png,typhlosion,blaze,,flash_fire,2
158,//cdn2.bulbagarden.net/upload/3/39/158MS6.png,totodile,torrent,,sheer_force,2
159,//cdn2.bulbagarden.net/upload/b/b9/159MS6.png,croconaw,torrent,,sheer_force,2
160,//cdn2.bulbagarden.net/upload/9/99/160MS6.png,feraligatr,torrent,,sheer_force,2
161,//cdn2.bulbagarden.net/upload/6/69/161MS6.png,sentret,run_away,keen_eye,frisk,2
162,//cdn2.bulbagarden.net/upload/4/47/162MS6.png,furret,run_away,keen_eye,frisk,2
163,//cdn2.bulbagarden.net/upload/a/ae/163MS8.png,hoothoot,insomnia,keen_eye,tinted_lens,2
164,//cdn2.bulbagarden.net/upload/5/50/164MS8.png,noctowl,insomnia,keen_eye,tinted_lens,2
165,//cdn2.bulbagarden.net/upload/f/fe/165MS6.png,ledyba,swarm,early_bird,rattled,2
166,//cdn2.bulbagarden.net/upload/1/10/166MS6.png,ledian,swarm,early_bird,iron_fist,2
167,//cdn2.bulbagarden.net/upload/7/71/167MS6.png,spinarak,swarm,insomnia,sniper,2
168,//cdn2.bulbagarden.net/upload/9/96/168MS6.png,ariados,swarm,insomnia,sniper,2
170,//cdn2.bulbagarden.net/upload/a/ac/170MS8.png,chinchou,volt_absorb,illuminate,water_absorb,2
171,//cdn2.bulbagarden.net/upload/d/d4/171MS8.png,lanturn,volt_absorb,illuminate,water_absorb,2
175,//cdn2.bulbagarden.net/upload/4/4c/175MS8.png,togepi,hustle,serene_grace,super_luck,2
176,//cdn2.bulbagarden.net/upload/b/bc/176MS8.png,togetic,hustle,serene_grace,super_luck,2
468,//cdn2.bulbagarden.net/upload/2/26/468MS8.png,togekiss,hustle,serene_grace,super_luck,4
177,//cdn2.bulbagarden.net/upload/7/7a/177MS8.png,natu,synchronize,early_bird,magic_bounce,2
178,//cdn2.bulbagarden.net/upload/8/88/178MS8.png,xatu,synchronize,early_bird,magic_bounce,2
179,//cdn2.bulbagarden.net/upload/e/e8/179MS6.png,mareep,static,,plus,2
180,//cdn2.bulbagarden.net/upload/e/eb/180MS6.png,flaaffy,static,,plus,2
181,//cdn2.bulbagarden.net/upload/8/89/181MS6.png,ampharos,static,,plus,2
181,//cdn2.bulbagarden.net/upload/a/a1/181MMS6.png,ampharos_mega,mold_breaker,,,6
298,//cdn2.bulbagarden.net/upload/c/c7/298MS8.png,azurill,thick_fat,huge_power,sap_sipper,3
183,//cdn2.bulbagarden.net/upload/8/8f/183MS8.png,marill,thick_fat,huge_power,sap_sipper,2
184,//cdn2.bulbagarden.net/upload/c/cc/184MS8.png,azumarill,thick_fat,huge_power,sap_sipper,2
438,//cdn2.bulbagarden.net/upload/3/39/438MS8.png,bonsly,sturdy,rock_head,rattled,4
185,//cdn2.bulbagarden.net/upload/b/b3/185MS8.png,sudowoodo,sturdy,rock_head,rattled,2
187,//cdn2.bulbagarden.net/upload/b/b3/187MS6.png,hoppip,chlorophyll,leaf_guard,infiltrator,2
188,//cdn2.bulbagarden.net/upload/d/d4/188MS6.png,skiploom,chlorophyll,leaf_guard,infiltrator,2
189,//cdn2.bulbagarden.net/upload/5/5b/189MS6.png,jumpluff,chlorophyll,leaf_guard,infiltrator,2
190,//cdn2.bulbagarden.net/upload/9/92/190MS6.png,aipom,run_away,pickup,skill_link,2
424,//cdn2.bulbagarden.net/upload/6/68/424MS6.png,ambipom,technician,pickup,skill_link,4
191,//cdn2.bulbagarden.net/upload/b/b6/191MS6.png,sunkern,chlorophyll,solar_power,early_bird,2
192,//cdn2.bulbagarden.net/upload/8/89/192MS6.png,sunflora,chlorophyll,solar_power,early_bird,2
193,//cdn2.bulbagarden.net/upload/1/1c/193MS6.png,yanma,speed_boost,compound_eyes,frisk,2
469,//cdn2.bulbagarden.net/upload/8/8c/469MS6.png,yanmega,speed_boost,tinted_lens,frisk,4
194,//cdn2.bulbagarden.net/upload/c/cd/194MS8.png,wooper,damp,water_absorb,unaware,2
195,//cdn2.bulbagarden.net/upload/1/15/195MS8.png,quagsire,damp,water_absorb,unaware,2
198,//cdn2.bulbagarden.net/upload/4/4f/198MS6.png,murkrow,insomnia,super_luck,prankster,2
430,//cdn2.bulbagarden.net/upload/a/a7/430MS6.png,honchkrow,insomnia,super_luck,moxie,4
200,//cdn2.bulbagarden.net/upload/e/e3/200MS6.png,misdreavus,levitate,,,2
429,//cdn2.bulbagarden.net/upload/d/d7/429MS6.png,mismagius,levitate,,,4
201,//cdn2.bulbagarden.net/upload/e/e7/201MS6.png,unown,levitate,,,2
360,//cdn2.bulbagarden.net/upload/9/97/360MS8.png,wynaut,shadow_tag,,telepathy,3
202,//cdn2.bulbagarden.net/upload/8/89/202MS8.png,wobbuffet,shadow_tag,,telepathy,2
203,//cdn2.bulbagarden.net/upload/b/bc/203MS6.png,girafarig,inner_focus,early_bird,sap_sipper,2
204,//cdn2.bulbagarden.net/upload/d/db/204MS6.png,pineco,sturdy,,overcoat,2
205,//cdn2.bulbagarden.net/upload/c/c4/205MS6.png,forretress,sturdy,,overcoat,2
206,//cdn2.bulbagarden.net/upload/1/19/206MS8.png,dunsparce,serene_grace,run_away,rattled,2
207,//cdn2.bulbagarden.net/upload/2/27/207MS6.png,gligar,hyper_cutter,sand_veil,immunity,2
472,//cdn2.bulbagarden.net/upload/6/63/472MS6.png,gliscor,hyper_cutter,sand_veil,poison_heal,4
209,//cdn2.bulbagarden.net/upload/d/d4/209MS6.png,snubbull,intimidate,run_away,rattled,2
210,//cdn2.bulbagarden.net/upload/8/8e/210MS6.png,granbull,intimidate,quick_feet,rattled,2
211,//cdn2.bulbagarden.net/upload/a/a4/211MS8.png,qwilfish,poison_point,swift_swim,intimidate,2
213,//cdn2.bulbagarden.net/upload/0/00/213MS8.png,shuckle,sturdy,gluttony,contrary,2
214,//cdn2.bulbagarden.net/upload/9/9d/214MS8.png,heracross,swarm,guts,moxie,2
214,//cdn2.bulbagarden.net/upload/e/ed/214MMS6.png,heracross_mega,skill_link,,,6
215,//cdn2.bulbagarden.net/upload/e/ea/215MS8.png,sneasel,inner_focus,keen_eye,pickpocket,2
461,//cdn2.bulbagarden.net/upload/4/45/461MS8.png,weavile,pressure,,pickpocket,4
216,//cdn2.bulbagarden.net/upload/9/90/216MS6.png,teddiursa,pickup,quick_feet,honey_gather,2
217,//cdn2.bulbagarden.net/upload/6/6d/217MS6.png,ursaring,guts,quick_feet,unnerve,2
218,//cdn2.bulbagarden.net/upload/8/8e/218MS6.png,slugma,magma_armor,flame_body,weak_armor,2
219,//cdn2.bulbagarden.net/upload/e/e3/219MS6.png,magcargo,magma_armor,flame_body,weak_armor,2
220,//cdn2.bulbagarden.net/upload/2/26/220MS8.png,swinub,oblivious,snow_cloak,thick_fat,2
221,//cdn2.bulbagarden.net/upload/0/01/221MS8.png,piloswine,oblivious,snow_cloak,thick_fat,2
473,//cdn2.bulbagarden.net/upload/8/8c/473MS8.png,mamoswine,oblivious,snow_cloak,thick_fat,4
222,//cdn2.bulbagarden.net/upload/5/52/222MS8.png,corsola,hustle,natural_cure,regenerator,2
222,//cdn2.bulbagarden.net/upload/c/c7/222GMS8.png,corsola_galar,weak_armor,,cursed_body,8
864,//cdn2.bulbagarden.net/upload/9/90/864MS8.png,cursola,weak_armor,,perish_body,8
223,//cdn2.bulbagarden.net/upload/c/cb/223MS8.png,remoraid,hustle,sniper,moody,2
224,//cdn2.bulbagarden.net/upload/f/f6/224MS8.png,octillery,suction_cups,sniper,moody,2
225,//cdn2.bulbagarden.net/upload/9/90/225MS8.png,delibird,vital_spirit,hustle,insomnia,2
458,//cdn2.bulbagarden.net/upload/2/21/458MS8.png,mantyke,swift_swim,water_absorb,water_veil,4
226,//cdn2.bulbagarden.net/upload/9/92/226MS8.png,mantine,swift_swim,water_absorb,water_veil,2
227,//cdn2.bulbagarden.net/upload/6/6b/227MS8.png,skarmory,keen_eye,sturdy,weak_armor,2
228,//cdn2.bulbagarden.net/upload/b/bc/228MS6.png,houndour,early_bird,flash_fire,unnerve,2
229,//cdn2.bulbagarden.net/upload/4/40/229MS6.png,houndoom,early_bird,flash_fire,unnerve,2
229,//cdn2.bulbagarden.net/upload/a/a4/229MMS6.png,houndoom_mega,solar_power,,,6
231,//cdn2.bulbagarden.net/upload/6/6c/231MS6.png,phanpy,pickup,,sand_veil,2
232,//cdn2.bulbagarden.net/upload/8/85/232MS6.png,donphan,sturdy,,sand_veil,2
234,//cdn2.bulbagarden.net/upload/1/19/234MS6.png,stantler,intimidate,frisk,sap_sipper,2
235,//cdn2.bulbagarden.net/upload/a/af/235MS6.png,smeargle,own_tempo,technician,moody,2
241,//cdn2.bulbagarden.net/upload/7/73/241MS8.png,miltank,thick_fat,scrappy,sap_sipper,2
243,//cdn2.bulbagarden.net/upload/2/27/243MS8.png,raikou,pressure,,inner_focus,2
244,//cdn2.bulbagarden.net/upload/8/81/244MS8.png,entei,pressure,,inner_focus,2
245,//cdn2.bulbagarden.net/upload/0/0b/245MS8.png,suicune,pressure,,inner_focus,2
246,//cdn2.bulbagarden.net/upload/4/47/246MS8.png,larvitar,guts,,sand_veil,2
247,//cdn2.bulbagarden.net/upload/2/23/247MS8.png,pupitar,shed_skin,,,2
248,//cdn2.bulbagarden.net/upload/3/30/248MS8.png,tyranitar,sand_stream,,unnerve,2
248,//cdn2.bulbagarden.net/upload/6/61/248MMS6.png,tyranitar_mega,sand_stream,,,6
249,//cdn2.bulbagarden.net/upload/1/1e/249MS8.png,lugia,pressure,,multiscale,2
250,//cdn2.bulbagarden.net/upload/c/c4/250MS8.png,ho_oh,pressure,,regenerator,2
251,//cdn2.bulbagarden.net/upload/2/26/251MS8.png,celebi,natural_cure,,,2
Dex Number,Sprite URL,Pokemon Name,Ability 1,Ability 2,Hidden,Gen
252,//cdn2.bulbagarden.net/upload/e/e0/252MS8.png,treecko,overgrow,,unburden,3
253,//cdn2.bulbagarden.net/upload/4/43/253MS8.png,grovyle,overgrow,,unburden,3
254,//cdn2.bulbagarden.net/upload/6/67/254MS8.png,sceptile,overgrow,,unburden,3
254,//cdn2.bulbagarden.net/upload/7/7c/254MMS6.png,sceptile_mega,lightning_rod,,,6
255,//cdn2.bulbagarden.net/upload/7/79/255MS8.png,torchic,blaze,,speed_boost,3
256,//cdn2.bulbagarden.net/upload/c/cc/256MS8.png,combusken,blaze,,speed_boost,3
257,//cdn2.bulbagarden.net/upload/d/d5/257MS8.png,blaziken,blaze,,speed_boost,3
257,//cdn2.bulbagarden.net/upload/e/ea/257MMS6.png,blaziken_mega,speed_boost,,,6
258,//cdn2.bulbagarden.net/upload/4/43/258MS8.png,mudkip,torrent,,damp,3
259,//cdn2.bulbagarden.net/upload/0/04/259MS8.png,marshtomp,torrent,,damp,3
260,//cdn2.bulbagarden.net/upload/2/2b/260MS8.png,swampert,torrent,,damp,3
260,//cdn2.bulbagarden.net/upload/7/7b/260MMS6.png,swampert_mega,swift_swim,,,6
261,//cdn2.bulbagarden.net/upload/3/39/261MS6.png,poochyena,run_away,quick_feet,rattled,3
262,//cdn2.bulbagarden.net/upload/b/ba/262MS6.png,mightyena,intimidate,quick_feet,moxie,3
263,//cdn2.bulbagarden.net/upload/4/47/263MS8.png,zigzagoon,pickup,gluttony,quick_feet,3
263,//cdn2.bulbagarden.net/upload/c/c7/263GMS8.png,zigzagoon_galar,pickup,gluttony,quick_feet,8
264,//cdn2.bulbagarden.net/upload/c/c1/264MS8.png,linoone,pickup,gluttony,quick_feet,3
264,//cdn2.bulbagarden.net/upload/2/28/264GMS8.png,linoone_galar,pickup,gluttony,quick_feet,8
862,//cdn2.bulbagarden.net/upload/c/c8/862MS8.png,obstagoon,reckless,guts,defiant,8
265,//cdn2.bulbagarden.net/upload/f/f4/265MS6.png,wurmple,shield_dust,,run_away,3
266,//cdn2.bulbagarden.net/upload/7/76/266MS6.png,silcoon,shed_skin,,,3
267,//cdn2.bulbagarden.net/upload/0/0e/267MS6.png,beautifly,swarm,,rivalry,3
268,//cdn2.bulbagarden.net/upload/7/70/268MS6.png,cascoon,shed_skin,,,3
269,//cdn2.bulbagarden.net/upload/a/ac/269MS6.png,dustox,shield_dust,,compound_eyes,3
270,//cdn2.bulbagarden.net/upload/1/19/270MS8.png,lotad,swift_swim,rain_dish,own_tempo,3
271,//cdn2.bulbagarden.net/upload/6/61/271MS8.png,lombre,swift_swim,rain_dish,own_tempo,3
272,//cdn2.bulbagarden.net/upload/e/e4/272MS8.png,ludicolo,swift_swim,rain_dish,own_tempo,3
273,//cdn2.bulbagarden.net/upload/d/da/273MS8.png,seedot,chlorophyll,early_bird,pickpocket,3
274,//cdn2.bulbagarden.net/upload/8/8e/274MS8.png,nuzleaf,chlorophyll,early_bird,pickpocket,3
275,//cdn2.bulbagarden.net/upload/c/c7/275MS8.png,shiftry,chlorophyll,early_bird,pickpocket,3
276,//cdn2.bulbagarden.net/upload/2/2f/276MS6.png,taillow,guts,,scrappy,3
277,//cdn2.bulbagarden.net/upload/6/65/277MS6.png,swellow,guts,,scrappy,3
278,//cdn2.bulbagarden.net/upload/2/20/278MS8.png,wingull,keen_eye,hydration,rain_dish,3
279,//cdn2.bulbagarden.net/upload/3/33/279MS8.png,pelipper,keen_eye,drizzle,rain_dish,3
280,//cdn2.bulbagarden.net/upload/e/e8/280MS8.png,ralts,synchronize,trace,telepathy,3
281,//cdn2.bulbagarden.net/upload/5/51/281MS8.png,kirlia,synchronize,trace,telepathy,3
282,//cdn2.bulbagarden.net/upload/0/06/282MS8.png,gardevoir,synchronize,trace,telepathy,3
282,//cdn2.bulbagarden.net/upload/1/1a/282MMS6.png,gardevoir_mega,pixilate,,,6
475,//cdn2.bulbagarden.net/upload/7/7c/475MS8.png,gallade,steadfast,,justified,4
475,//cdn2.bulbagarden.net/upload/d/d4/475MMS6.png,gallade_mega,inner_focus,,,6
283,//cdn2.bulbagarden.net/upload/0/09/283MS6.png,surskit,swift_swim,,rain_dish,3
284,//cdn2.bulbagarden.net/upload/d/d5/284MS6.png,masquerain,intimidate,,unnerve,3
285,//cdn2.bulbagarden.net/upload/7/70/285MS6.png,shroomish,effect_spore,poison_heal,quick_feet,3
286,//cdn2.bulbagarden.net/upload/8/8c/286MS6.png,breloom,effect_spore,poison_heal,technician,3
287,//cdn2.bulbagarden.net/upload/a/af/287MS6.png,slakoth,truant,,,3
288,//cdn2.bulbagarden.net/upload/e/e6/288MS6.png,vigoroth,vital_spirit,,,3
289,//cdn2.bulbagarden.net/upload/f/f3/289MS6.png,slaking,truant,,,3
290,//cdn2.bulbagarden.net/upload/6/6e/290MS8.png,nincada,compound_eyes,,run_away,3
291,//cdn2.bulbagarden.net/upload/c/c8/291MS8.png,ninjask,speed_boost,,infiltrator,3
292,//cdn2.bulbagarden.net/upload/7/79/292MS8.png,shedinja,wonder_guard,,,3
293,//cdn2.bulbagarden.net/upload/b/bb/293MS8.png,whismur,soundproof,,rattled,3
294,//cdn2.bulbagarden.net/upload/6/69/294MS8.png,loudred,soundproof,,scrappy,3
295,//cdn2.bulbagarden.net/upload/2/26/295MS8.png,exploud,soundproof,,scrappy,3
296,//cdn2.bulbagarden.net/upload/d/d9/296MS6.png,makuhita,thick_fat,guts,sheer_force,3
297,//cdn2.bulbagarden.net/upload/6/63/297MS6.png,hariyama,thick_fat,guts,sheer_force,3
299,//cdn2.bulbagarden.net/upload/6/65/299MS6.png,nosepass,sturdy,magnet_pull,sand_force,3
476,//cdn2.bulbagarden.net/upload/1/17/476MS6.png,probopass,sturdy,magnet_pull,sand_force,4
300,//cdn2.bulbagarden.net/upload/a/ad/300MS6.png,skitty,cute_charm,normalize,wonder_skin,3
301,//cdn2.bulbagarden.net/upload/e/ea/301MS6.png,delcatty,cute_charm,normalize,wonder_skin,3
302,//cdn2.bulbagarden.net/upload/0/0d/302MS8.png,sableye,keen_eye,stall,prankster,3
302,//cdn2.bulbagarden.net/upload/9/9c/302MMS6.png,sableye_mega,magic_bounce,,,6
303,//cdn2.bulbagarden.net/upload/9/92/303MS8.png,mawile,hyper_cutter,intimidate,sheer_force,3
303,//cdn2.bulbagarden.net/upload/8/8e/303MMS6.png,mawile_mega,huge_power,,,6
304,//cdn2.bulbagarden.net/upload/b/b5/304MS8.png,aron,sturdy,rock_head,heavy_metal,3
305,//cdn2.bulbagarden.net/upload/0/0d/305MS8.png,lairon,sturdy,rock_head,heavy_metal,3
306,//cdn2.bulbagarden.net/upload/6/68/306MS8.png,aggron,sturdy,rock_head,heavy_metal,3
306,//cdn2.bulbagarden.net/upload/f/f6/306MMS6.png,aggron_mega,filter,,,6
307,//cdn2.bulbagarden.net/upload/1/1a/307MS6.png,meditite,pure_power,,telepathy,3
308,//cdn2.bulbagarden.net/upload/c/cf/308MS6.png,medicham,pure_power,,telepathy,3
308,//cdn2.bulbagarden.net/upload/2/2d/308MMS6.png,medicham_mega,pure_power,,,6
309,//cdn2.bulbagarden.net/upload/4/4f/309MS8.png,electrike,static,lightning_rod,minus,3
310,//cdn2.bulbagarden.net/upload/4/47/310MS8.png,manectric,static,lightning_rod,minus,3
310,//cdn2.bulbagarden.net/upload/2/23/310MMS6.png,manectric_mega,intimidate,,,6
311,//cdn2.bulbagarden.net/upload/f/f2/311MS6.png,plusle,plus,,lightning_rod,3
312,//cdn2.bulbagarden.net/upload/3/35/312MS6.png,minun,minus,,volt_absorb,3
313,//cdn2.bulbagarden.net/upload/7/75/313MS6.png,volbeat,illuminate,swarm,prankster,3
314,//cdn2.bulbagarden.net/upload/2/23/314MS6.png,illumise,oblivious,tinted_lens,prankster,3
406,//cdn2.bulbagarden.net/upload/0/07/406MS8.png,budew,natural_cure,poison_point,leaf_guard,4
315,//cdn2.bulbagarden.net/upload/f/f3/315MS8.png,roselia,natural_cure,poison_point,leaf_guard,3
407,//cdn2.bulbagarden.net/upload/5/55/407MS8.png,roserade,natural_cure,poison_point,technician,4
316,//cdn2.bulbagarden.net/upload/d/db/316MS6.png,gulpin,liquid_ooze,sticky_hold,gluttony,3
317,//cdn2.bulbagarden.net/upload/e/ed/317MS6.png,swalot,liquid_ooze,sticky_hold,gluttony,3
318,//cdn2.bulbagarden.net/upload/6/66/318MS8.png,carvanha,rough_skin,,speed_boost,3
319,//cdn2.bulbagarden.net/upload/c/cc/319MS8.png,sharpedo,rough_skin,,speed_boost,3
319,//cdn2.bulbagarden.net/upload/4/4e/319MMS6.png,sharpedo_mega,strong_jaw,,,6
320,//cdn2.bulbagarden.net/upload/2/2e/320MS8.png,wailmer,water_veil,oblivious,pressure,3
321,//cdn2.bulbagarden.net/upload/7/70/321MS8.png,wailord,water_veil,oblivious,pressure,3
322,//cdn2.bulbagarden.net/upload/5/52/322MS6.png,numel,oblivious,simple,own_tempo,3
323,//cdn2.bulbagarden.net/upload/8/8e/323MS6.png,camerupt,magma_armor,solid_rock,anger_point,3
323,//cdn2.bulbagarden.net/upload/9/96/323MMS6.png,camerupt_mega,sheer_force,,,6
324,//cdn2.bulbagarden.net/upload/9/95/324MS8.png,torkoal,white_smoke,drought,shell_armor,3
325,//cdn2.bulbagarden.net/upload/a/ab/325MS6.png,spoink,thick_fat,own_tempo,gluttony,3
326,//cdn2.bulbagarden.net/upload/5/53/326MS6.png,grumpig,thick_fat,own_tempo,gluttony,3
327,//cdn2.bulbagarden.net/upload/f/f9/327MS6.png,spinda,own_tempo,tangled_feet,contrary,3
328,//cdn2.bulbagarden.net/upload/1/12/328MS8.png,trapinch,hyper_cutter,arena_trap,sheer_force,3
329,//cdn2.bulbagarden.net/upload/c/c2/329MS8.png,vibrava,levitate,,,3
330,//cdn2.bulbagarden.net/upload/2/2d/330MS8.png,flygon,levitate,,,3
331,//cdn2.bulbagarden.net/upload/7/70/331MS6.png,cacnea,sand_veil,,water_absorb,3
332,//cdn2.bulbagarden.net/upload/9/94/332MS6.png,cacturne,sand_veil,,water_absorb,3
333,//cdn2.bulbagarden.net/upload/a/a7/333MS8.png,swablu,natural_cure,,cloud_nine,3
334,//cdn2.bulbagarden.net/upload/2/2e/334MS8.png,altaria,natural_cure,,cloud_nine,3
334,//cdn2.bulbagarden.net/upload/3/32/334MMS6.png,altaria_mega,pixilate,,,6
335,//cdn2.bulbagarden.net/upload/c/c6/335MS6.png,zangoose,immunity,,toxic_boost,3
336,//cdn2.bulbagarden.net/upload/a/a5/336MS6.png,seviper,shed_skin,,infiltrator,3
337,//cdn2.bulbagarden.net/upload/4/45/337MS8.png,lunatone,levitate,,,3
338,//cdn2.bulbagarden.net/upload/b/b2/338MS8.png,solrock,levitate,,,3
339,//cdn2.bulbagarden.net/upload/e/ef/339MS8.png,barboach,oblivious,anticipation,hydration,3
340,//cdn2.bulbagarden.net/upload/6/69/340MS8.png,whiscash,oblivious,anticipation,hydration,3
341,//cdn2.bulbagarden.net/upload/e/e2/341MS8.png,corphish,hyper_cutter,shell_armor,adaptability,3
342,//cdn2.bulbagarden.net/upload/3/3e/342MS8.png,crawdaunt,hyper_cutter,shell_armor,adaptability,3
343,//cdn2.bulbagarden.net/upload/0/03/343MS8.png,baltoy,levitate,,,3
344,//cdn2.bulbagarden.net/upload/2/2a/344MS8.png,claydol,levitate,,,3
345,//cdn2.bulbagarden.net/upload/b/b8/345MS8.png,lileep,suction_cups,,storm_drain,3
346,//cdn2.bulbagarden.net/upload/3/34/346MS8.png,cradily,suction_cups,,storm_drain,3
347,//cdn2.bulbagarden.net/upload/f/f4/347MS8.png,anorith,battle_armor,,swift_swim,3
348,//cdn2.bulbagarden.net/upload/3/3b/348MS8.png,armaldo,battle_armor,,swift_swim,3
349,//cdn2.bulbagarden.net/upload/7/75/349MS8.png,feebas,swift_swim,oblivious,adaptability,3
350,//cdn2.bulbagarden.net/upload/d/d9/350MS8.png,milotic,marvel_scale,competitive,cute_charm,3
351,//cdn2.bulbagarden.net/upload/e/ef/351MS6.png,castform_normal,forecast,,,3
351,//cdn2.bulbagarden.net/upload/1/1c/351SMS6.png,castform_sunny,forecast,,,3
351,//cdn2.bulbagarden.net/upload/f/fa/351RMS6.png,castform_rainy,forecast,,,3
351,//cdn2.bulbagarden.net/upload/7/78/351HMS6.png,castform_snowy,forecast,,,3
352,//cdn2.bulbagarden.net/upload/d/de/352MS6.png,kecleon,color_change,,protean,3
353,//cdn2.bulbagarden.net/upload/4/4a/353MS6.png,shuppet,insomnia,frisk,cursed_body,3
354,//cdn2.bulbagarden.net/upload/7/79/354MS6.png,banette,insomnia,frisk,cursed_body,3
354,//cdn2.bulbagarden.net/upload/9/9f/354MMS6.png,banette_mega,prankster,,,6
355,//cdn2.bulbagarden.net/upload/3/33/355MS8.png,duskull,levitate,,frisk,3
356,//cdn2.bulbagarden.net/upload/0/0b/356MS8.png,dusclops,pressure,,frisk,3
477,//cdn2.bulbagarden.net/upload/b/b7/477MS8.png,dusknoir,pressure,,frisk,4
357,//cdn2.bulbagarden.net/upload/7/77/357MS6.png,tropius,chlorophyll,solar_power,harvest,3
433,//cdn2.bulbagarden.net/upload/7/7b/433MS6.png,chingling,levitate,,,4
358,//cdn2.bulbagarden.net/upload/1/1a/358MS6.png,chimecho,levitate,,,3
359,//cdn2.bulbagarden.net/upload/4/42/359MS8.png,absol,pressure,super_luck,justified,3
359,//cdn2.bulbagarden.net/upload/9/90/359MMS6.png,absol_mega,magic_bounce,,,6
361,//cdn2.bulbagarden.net/upload/a/af/361MS8.png,snorunt,inner_focus,ice_body,moody,3
362,//cdn2.bulbagarden.net/upload/f/f3/362MS8.png,glalie,inner_focus,ice_body,moody,3
362,//cdn2.bulbagarden.net/upload/5/5f/362MMS6.png,glalie_mega,refrigerate,,,6
478,//cdn2.bulbagarden.net/upload/6/64/478MS8.png,froslass,snow_cloak,,cursed_body,4
363,//cdn2.bulbagarden.net/upload/c/cb/363MS8.png,spheal,thick_fat,ice_body,oblivious,3
364,//cdn2.bulbagarden.net/upload/8/89/364MS8.png,sealeo,thick_fat,ice_body,oblivious,3
365,//cdn2.bulbagarden.net/upload/5/5b/365MS8.png,walrein,thick_fat,ice_body,oblivious,3
366,//cdn2.bulbagarden.net/upload/6/67/366MS6.png,clamperl,shell_armor,,rattled,3
367,//cdn2.bulbagarden.net/upload/4/4d/367MS6.png,huntail,swift_swim,,water_veil,3
368,//cdn2.bulbagarden.net/upload/1/11/368MS6.png,gorebyss,swift_swim,,hydration,3
369,//cdn2.bulbagarden.net/upload/4/4a/369MS8.png,relicanth,swift_swim,rock_head,sturdy,3
370,//cdn2.bulbagarden.net/upload/1/1b/370MS6.png,luvdisc,swift_swim,,hydration,3
371,//cdn2.bulbagarden.net/upload/a/a5/371MS8.png,bagon,rock_head,,sheer_force,3
372,//cdn2.bulbagarden.net/upload/3/3c/372MS8.png,shelgon,rock_head,,overcoat,3
373,//cdn2.bulbagarden.net/upload/3/30/373MS8.png,salamence,intimidate,,moxie,3
373,//cdn2.bulbagarden.net/upload/9/9c/373MMS6.png,salamence_mega,aerilate,,,6
374,//cdn2.bulbagarden.net/upload/6/6b/374MS8.png,beldum,clear_body,,light_metal,3
375,//cdn2.bulbagarden.net/upload/a/af/375MS8.png,metang,clear_body,,light_metal,3
376,//cdn2.bulbagarden.net/upload/4/48/376MS8.png,metagross,clear_body,,light_metal,3
376,//cdn2.bulbagarden.net/upload/2/2f/376MMS6.png,metagross_mega,tough_claws,,,6
377,//cdn2.bulbagarden.net/upload/8/86/377MS8.png,regirock,clear_body,,sturdy,3
378,//cdn2.bulbagarden.net/upload/e/ee/378MS8.png,regice,clear_body,,ice_body,3
379,//cdn2.bulbagarden.net/upload/1/16/379MS8.png,registeel,clear_body,,light_metal,3
380,//cdn2.bulbagarden.net/upload/b/ba/380MS8.png,latias,levitate,,,3
380,//cdn2.bulbagarden.net/upload/a/ae/380MMS6.png,latias_mega,levitate,,,6
381,//cdn2.bulbagarden.net/upload/4/4c/381MS8.png,latios,levitate,,,3
381,//cdn2.bulbagarden.net/upload/1/1b/381MMS6.png,latios_mega,levitate,,,6
382,//cdn2.bulbagarden.net/upload/a/a9/382MS8.png,kyogre,drizzle,,,3
382,//cdn2.bulbagarden.net/upload/3/31/382PMS6.png,kyogre_primal,primordial_sea,,,3
383,//cdn2.bulbagarden.net/upload/c/cc/383MS8.png,groudon,drought,,,3
383,//cdn2.bulbagarden.net/upload/9/9f/383PMS6.png,groudon_primal,desolate_land,,,3
384,//cdn2.bulbagarden.net/upload/a/a4/384MS8.png,rayquaza,air_lock,,,3
384,//cdn2.bulbagarden.net/upload/4/4e/384MMS6.png,rayquaza_mega,delta_stream,,,6
385,//cdn2.bulbagarden.net/upload/4/41/385MS8.png,jirachi,serene_grace,,,3
386,//cdn2.bulbagarden.net/upload/6/6a/386MS6.png,deoxys_normal,pressure,,,3
386,//cdn2.bulbagarden.net/upload/2/23/386AMS6.png,deoxys_attack,pressure,,,3
386,//cdn2.bulbagarden.net/upload/6/63/386DMS6.png,deoxys_defense,pressure,,,3
386,//cdn2.bulbagarden.net/upload/3/3f/386SMS6.png,deoxys_speed,pressure,,,3
Dex Number,Sprite URL,Pokemon Name,Ability 1,Ability 2,Hidden,Gen
387,//cdn2.bulbagarden.net/upload/8/89/387MS6.png,turtwig,overgrow,,shell_armor,4
388,//cdn2.bulbagarden.net/upload/1/1b/388MS6.png,grotle,overgrow,,shell_armor,4
389,//cdn2.bulbagarden.net/upload/6/61/389MS6.png,torterra,overgrow,,shell_armor,4
390,//cdn2.bulbagarden.net/upload/3/3c/390MS6.png,chimchar,blaze,,iron_fist,4
391,//cdn2.bulbagarden.net/upload/b/bd/391MS6.png,monferno,blaze,,iron_fist,4
392,//cdn2.bulbagarden.net/upload/5/5f/392MS6.png,infernape,blaze,,iron_fist,4
393,//cdn2.bulbagarden.net/upload/3/30/393MS6.png,piplup,torrent,,defiant,4
394,//cdn2.bulbagarden.net/upload/7/71/394MS6.png,prinplup,torrent,,defiant,4
395,//cdn2.bulbagarden.net/upload/1/13/395MS6.png,empoleon,torrent,,defiant,4
396,//cdn2.bulbagarden.net/upload/7/72/396MS6.png,starly,keen_eye,,reckless,4
397,//cdn2.bulbagarden.net/upload/4/4e/397MS6.png,staravia,intimidate,,reckless,4
398,//cdn2.bulbagarden.net/upload/0/0e/398MS6.png,staraptor,intimidate,,reckless,4
399,//cdn2.bulbagarden.net/upload/9/9f/399MS6.png,bidoof,simple,unaware,moody,4
400,//cdn2.bulbagarden.net/upload/7/7d/400MS6.png,bibarel,simple,unaware,moody,4
401,//cdn2.bulbagarden.net/upload/1/1c/401MS6.png,kricketot,shed_skin,,run_away,4
402,//cdn2.bulbagarden.net/upload/7/75/402MS6.png,kricketune,swarm,,technician,4
403,//cdn2.bulbagarden.net/upload/e/e5/403MS8.png,shinx,rivalry,intimidate,guts,4
404,//cdn2.bulbagarden.net/upload/7/70/404MS8.png,luxio,rivalry,intimidate,guts,4
405,//cdn2.bulbagarden.net/upload/a/af/405MS8.png,luxray,rivalry,intimidate,guts,4
408,//cdn2.bulbagarden.net/upload/a/a0/408MS6.png,cranidos,mold_breaker,,sheer_force,4
409,//cdn2.bulbagarden.net/upload/1/14/409MS6.png,rampardos,mold_breaker,,sheer_force,4
410,//cdn2.bulbagarden.net/upload/e/ec/410MS6.png,shieldon,sturdy,,soundproof,4
411,//cdn2.bulbagarden.net/upload/d/d7/411MS6.png,bastiodon,sturdy,,soundproof,4
412,//cdn2.bulbagarden.net/upload/3/33/412MS6.png,burmy_plant,shed_skin,,overcoat,4
412,//cdn2.bulbagarden.net/upload/1/19/412GMS6.png,burmy_sandy,shed_skin,,overcoat,4
412,//cdn2.bulbagarden.net/upload/5/53/412SMS6.png,burmy_trash,shed_skin,,overcoat,4
413,//cdn2.bulbagarden.net/upload/e/ef/413MS6.png,wormadam_plant,anticipation,,overcoat,4
413,//cdn2.bulbagarden.net/upload/4/44/413GMS6.png,wormadam_sandy,anticipation,,overcoat,4
413,//cdn2.bulbagarden.net/upload/f/fa/413SMS6.png,wormadam_trash,anticipation,,overcoat,4
414,//cdn2.bulbagarden.net/upload/0/03/414MS6.png,mothim,swarm,,tinted_lens,4
415,//cdn2.bulbagarden.net/upload/c/ce/415MS8.png,combee,honey_gather,,hustle,4
416,//cdn2.bulbagarden.net/upload/5/5b/416MS8.png,vespiquen,pressure,,unnerve,4
417,//cdn2.bulbagarden.net/upload/4/46/417MS6.png,pachirisu,run_away,pickup,volt_absorb,4
418,//cdn2.bulbagarden.net/upload/7/7a/418MS6.png,buizel,swift_swim,,water_veil,4
419,//cdn2.bulbagarden.net/upload/b/bb/419MS6.png,floatzel,swift_swim,,water_veil,4
420,//cdn2.bulbagarden.net/upload/f/fb/420MS8.png,cherubi,chlorophyll,,,4
421,//cdn2.bulbagarden.net/upload/2/29/421MS8.png,cherrim_overcast,flower_gift,,,4
421,//cdn2.bulbagarden.net/upload/3/37/421SMS8.png,cherrim_sunshine,flower_gift,,,4
422,//cdn2.bulbagarden.net/upload/d/dd/422MS8.png,shellos_west,sticky_hold,storm_drain,sand_force,4
422,//cdn2.bulbagarden.net/upload/2/2f/422EMS8.png,shellos_east,sticky_hold,storm_drain,sand_force,4
423,//cdn2.bulbagarden.net/upload/2/22/423MS8.png,gastrodon_west,sticky_hold,storm_drain,sand_force,4
423,//cdn2.bulbagarden.net/upload/b/b3/423EMS8.png,gastrodon_east,sticky_hold,storm_drain,sand_force,4
425,//cdn2.bulbagarden.net/upload/c/c5/425MS8.png,drifloon,aftermath,unburden,flare_boost,4
426,//cdn2.bulbagarden.net/upload/a/af/426MS8.png,drifblim,aftermath,unburden,flare_boost,4
427,//cdn2.bulbagarden.net/upload/8/83/427MS8.png,buneary,run_away,klutz,limber,4
428,//cdn2.bulbagarden.net/upload/1/1e/428MS8.png,lopunny,cute_charm,klutz,limber,4
428,//cdn2.bulbagarden.net/upload/7/79/428MMS6.png,lopunny_mega,scrappy,,,6
431,//cdn2.bulbagarden.net/upload/0/06/431MS6.png,glameow,limber,own_tempo,keen_eye,4
432,//cdn2.bulbagarden.net/upload/5/5a/432MS6.png,purugly,thick_fat,own_tempo,defiant,4
434,//cdn2.bulbagarden.net/upload/e/e8/434MS8.png,stunky,stench,aftermath,keen_eye,4
435,//cdn2.bulbagarden.net/upload/7/7c/435MS8.png,skuntank,stench,aftermath,keen_eye,4
436,//cdn2.bulbagarden.net/upload/5/5d/436MS8.png,bronzor,levitate,heatproof,heavy_metal,4
437,//cdn2.bulbagarden.net/upload/1/1a/437MS8.png,bronzong,levitate,heatproof,heavy_metal,4
441,//cdn2.bulbagarden.net/upload/f/f6/441MS6.png,chatot,keen_eye,tangled_feet,big_pecks,4
442,//cdn2.bulbagarden.net/upload/1/16/442MS8.png,spiritomb,pressure,,infiltrator,4
443,//cdn2.bulbagarden.net/upload/9/9a/443MS8.png,gible,sand_veil,,rough_skin,4
444,//cdn2.bulbagarden.net/upload/7/78/444MS8.png,gabite,sand_veil,,rough_skin,4
445,//cdn2.bulbagarden.net/upload/c/ce/445MS8.png,garchomp,sand_veil,,rough_skin,4
445,//cdn2.bulbagarden.net/upload/f/f7/445MMS6.png,garchomp_mega,sand_force,,,6
447,//cdn2.bulbagarden.net/upload/5/51/447MS8.png,riolu,steadfast,inner_focus,prankster,4
448,//cdn2.bulbagarden.net/upload/4/40/448MS8.png,lucario,steadfast,inner_focus,justified,4
448,//cdn2.bulbagarden.net/upload/0/01/448MMS6.png,lucario_mega,adaptability,,,6
449,//cdn2.bulbagarden.net/upload/b/b6/449MS8.png,hippopotas,sand_stream,,sand_force,4
450,//cdn2.bulbagarden.net/upload/f/f6/450MS8.png,hippowdon,sand_stream,,sand_force,4
451,//cdn2.bulbagarden.net/upload/8/88/451MS8.png,skorupi,battle_armor,sniper,keen_eye,4
452,//cdn2.bulbagarden.net/upload/3/39/452MS8.png,drapion,battle_armor,sniper,keen_eye,4
453,//cdn2.bulbagarden.net/upload/7/70/453MS8.png,croagunk,anticipation,dry_skin,poison_touch,4
454,//cdn2.bulbagarden.net/upload/2/2f/454MS8.png,toxicroak,anticipation,dry_skin,poison_touch,4
455,//cdn2.bulbagarden.net/upload/8/85/455MS6.png,carnivine,levitate,,,4
456,//cdn2.bulbagarden.net/upload/6/60/456MS6.png,finneon,swift_swim,storm_drain,water_veil,4
457,//cdn2.bulbagarden.net/upload/5/54/457MS6.png,lumineon,swift_swim,storm_drain,water_veil,4
459,//cdn2.bulbagarden.net/upload/1/1d/459MS8.png,snover,snow_warning,,soundproof,4
460,//cdn2.bulbagarden.net/upload/7/73/460MS8.png,abomasnow,snow_warning,,soundproof,4
460,//cdn2.bulbagarden.net/upload/d/d5/460MMS6.png,abomasnow_mega,snow_warning,,,6
479,//cdn2.bulbagarden.net/upload/2/29/479MS8.png,rotom,levitate,,,4
479,//cdn2.bulbagarden.net/upload/d/d4/479OMS8.png,rotom_heat,levitate,,,4
479,//cdn2.bulbagarden.net/upload/a/a2/479WMS8.png,rotom_wash,levitate,,,4
479,//cdn2.bulbagarden.net/upload/4/4a/479RMS8.png,rotom_frost,levitate,,,4
479,//cdn2.bulbagarden.net/upload/8/8a/479FMS8.png,rotom_fan,levitate,,,4
479,//cdn2.bulbagarden.net/upload/1/13/479LMS8.png,rotom_mow,levitate,,,4
480,//cdn2.bulbagarden.net/upload/5/5c/480MS8.png,uxie,levitate,,,4
481,//cdn2.bulbagarden.net/upload/6/63/481MS8.png,mesprit,levitate,,,4
482,//cdn2.bulbagarden.net/upload/4/43/482MS8.png,azelf,levitate,,,4
483,//cdn2.bulbagarden.net/upload/f/f8/483MS8.png,dialga,pressure,,telepathy,4
484,//cdn2.bulbagarden.net/upload/f/f4/484MS8.png,palkia,pressure,,telepathy,4
485,//cdn2.bulbagarden.net/upload/8/81/485MS8.png,heatran,flash_fire,,flame_body,4
486,//cdn2.bulbagarden.net/upload/5/58/486MS8.png,regigigas,slow_start,,,4
487,//cdn2.bulbagarden.net/upload/e/ed/487MS8.png,giratina_altered,pressure,,telepathy,4
487,//cdn2.bulbagarden.net/upload/9/92/487OMS8.png,giratina_origin,levitate,,,4
488,//cdn2.bulbagarden.net/upload/2/2f/488MS8.png,cresselia,levitate,,,4
489,//cdn2.bulbagarden.net/upload/6/6e/489MS6.png,phione,hydration,,,4
490,//cdn2.bulbagarden.net/upload/c/c2/490MS6.png,manaphy,hydration,,,4
491,//cdn2.bulbagarden.net/upload/d/d4/491MS6.png,darkrai,bad_dreams,,,4
492,//cdn2.bulbagarden.net/upload/2/2b/492MS6.png,shaymin_land,natural_cure,,,4
492,//cdn2.bulbagarden.net/upload/e/e4/492SMS6.png,shaymin_sky,serene_grace,,,4
493,//cdn2.bulbagarden.net/upload/0/04/493MS6.png,arceus,multitype,,,4
Dex Number,Sprite URL,Pokemon Name,Ability 1,Ability 2,Hidden,Gen
494,//cdn2.bulbagarden.net/upload/6/63/494MS8.png,victini,victory_star,,,5
495,//cdn2.bulbagarden.net/upload/0/07/495MS6.png,snivy,overgrow,,contrary,5
496,//cdn2.bulbagarden.net/upload/6/6d/496MS6.png,servine,overgrow,,contrary,5
497,//cdn2.bulbagarden.net/upload/1/1c/497MS6.png,serperior,overgrow,,contrary,5
498,//cdn2.bulbagarden.net/upload/7/74/498MS6.png,tepig,blaze,,thick_fat,5
499,//cdn2.bulbagarden.net/upload/a/ad/499MS6.png,pignite,blaze,,thick_fat,5
500,//cdn2.bulbagarden.net/upload/a/ae/500MS6.png,emboar,blaze,,reckless,5
501,//cdn2.bulbagarden.net/upload/b/bb/501MS6.png,oshawott,torrent,,shell_armor,5
502,//cdn2.bulbagarden.net/upload/f/f1/502MS6.png,dewott,torrent,,shell_armor,5
503,//cdn2.bulbagarden.net/upload/7/73/503MS6.png,samurott,torrent,,shell_armor,5
504,//cdn2.bulbagarden.net/upload/e/e2/504MS6.png,patrat,run_away,keen_eye,analytic,5
505,//cdn2.bulbagarden.net/upload/e/e3/505MS6.png,watchog,illuminate,keen_eye,analytic,5
506,//cdn2.bulbagarden.net/upload/a/ac/506MS8.png,lillipup,vital_spirit,pickup,run_away,5
507,//cdn2.bulbagarden.net/upload/a/a7/507MS8.png,herdier,intimidate,sand_rush,scrappy,5
508,//cdn2.bulbagarden.net/upload/8/8b/508MS8.png,stoutland,intimidate,sand_rush,scrappy,5
509,//cdn2.bulbagarden.net/upload/2/2e/509MS8.png,purrloin,limber,unburden,prankster,5
510,//cdn2.bulbagarden.net/upload/a/ad/510MS8.png,liepard,limber,unburden,prankster,5
511,//cdn2.bulbagarden.net/upload/1/11/511MS6.png,pansage,gluttony,,overgrow,5
512,//cdn2.bulbagarden.net/upload/0/07/512MS6.png,simisage,gluttony,,overgrow,5
513,//cdn2.bulbagarden.net/upload/f/f0/513MS6.png,pansear,gluttony,,blaze,5
514,//cdn2.bulbagarden.net/upload/5/5b/514MS6.png,simisear,gluttony,,blaze,5
515,//cdn2.bulbagarden.net/upload/c/c8/515MS6.png,panpour,gluttony,,torrent,5
516,//cdn2.bulbagarden.net/upload/2/29/516MS6.png,simipour,gluttony,,torrent,5
517,//cdn2.bulbagarden.net/upload/7/77/517MS8.png,munna,forewarn,synchronize,telepathy,5
518,//cdn2.bulbagarden.net/upload/f/f9/518MS8.png,musharna,forewarn,synchronize,telepathy,5
519,//cdn2.bulbagarden.net/upload/b/bd/519MS8.png,pidove,big_pecks,super_luck,rivalry,5
520,//cdn2.bulbagarden.net/upload/8/8d/520MS8.png,tranquill,big_pecks,super_luck,rivalry,5
521,//cdn2.bulbagarden.net/upload/7/75/521MS8.png,unfezant,big_pecks,super_luck,rivalry,5
522,//cdn2.bulbagarden.net/upload/6/6d/522MS6.png,blitzle,lightning_rod,motor_drive,sap_sipper,5
523,//cdn2.bulbagarden.net/upload/9/98/523MS6.png,zebstrika,lightning_rod,motor_drive,sap_sipper,5
524,//cdn2.bulbagarden.net/upload/a/a2/524MS8.png,roggenrola,sturdy,weak_armor,sand_force,5
525,//cdn2.bulbagarden.net/upload/1/11/525MS8.png,boldore,sturdy,weak_armor,sand_force,5
526,//cdn2.bulbagarden.net/upload/7/75/526MS8.png,gigalith,sturdy,sand_stream,sand_force,5
527,//cdn2.bulbagarden.net/upload/1/17/527MS8.png,woobat,unaware,klutz,simple,5
528,//cdn2.bulbagarden.net/upload/c/ca/528MS8.png,swoobat,unaware,klutz,simple,5
529,//cdn2.bulbagarden.net/upload/f/f7/529MS8.png,drilbur,sand_rush,sand_force,mold_breaker,5
530,//cdn2.bulbagarden.net/upload/6/67/530MS8.png,excadrill,sand_rush,sand_force,mold_breaker,5
531,//cdn2.bulbagarden.net/upload/8/8c/531MS8.png,audino,healer,regenerator,klutz,5
531,//cdn2.bulbagarden.net/upload/5/52/531MMS6.png,audino_mega,healer,,,6
532,//cdn2.bulbagarden.net/upload/8/8f/532MS8.png,timburr,guts,sheer_force,iron_fist,5
533,//cdn2.bulbagarden.net/upload/1/15/533MS8.png,gurdurr,guts,sheer_force,iron_fist,5
534,//cdn2.bulbagarden.net/upload/b/be/534MS8.png,conkeldurr,guts,sheer_force,iron_fist,5
535,//cdn2.bulbagarden.net/upload/1/19/535MS8.png,tympole,swift_swim,hydration,water_absorb,5
536,//cdn2.bulbagarden.net/upload/f/ff/536MS8.png,palpitoad,swift_swim,hydration,water_absorb,5
537,//cdn2.bulbagarden.net/upload/7/7c/537MS8.png,seismitoad,swift_swim,poison_touch,water_absorb,5
538,//cdn2.bulbagarden.net/upload/7/70/538MS8.png,throh,guts,inner_focus,mold_breaker,5
539,//cdn2.bulbagarden.net/upload/8/86/539MS8.png,sawk,sturdy,inner_focus,mold_breaker,5
540,//cdn2.bulbagarden.net/upload/e/e2/540MS6.png,sewaddle,swarm,chlorophyll,overcoat,5
541,//cdn2.bulbagarden.net/upload/e/e1/541MS6.png,swadloon,leaf_guard,chlorophyll,overcoat,5
542,//cdn2.bulbagarden.net/upload/a/a6/542MS6.png,leavanny,swarm,chlorophyll,overcoat,5
543,//cdn2.bulbagarden.net/upload/0/02/543MS8.png,venipede,poison_point,swarm,speed_boost,5
544,//cdn2.bulbagarden.net/upload/7/79/544MS8.png,whirlipede,poison_point,swarm,speed_boost,5
545,//cdn2.bulbagarden.net/upload/4/4a/545MS8.png,scolipede,poison_point,swarm,speed_boost,5
546,//cdn2.bulbagarden.net/upload/3/39/546MS8.png,cottonee,prankster,infiltrator,chlorophyll,5
547,//cdn2.bulbagarden.net/upload/d/da/547MS8.png,whimsicott,prankster,infiltrator,chlorophyll,5
548,//cdn2.bulbagarden.net/upload/c/cd/548MS8.png,petilil,chlorophyll,own_tempo,leaf_guard,5
549,//cdn2.bulbagarden.net/upload/5/5b/549MS8.png,lilligant,chlorophyll,own_tempo,leaf_guard,5
550,//cdn2.bulbagarden.net/upload/6/64/550MS8.png,basculin_red_striped,reckless,adaptability,mold_breaker,5
550,//cdn2.bulbagarden.net/upload/7/7c/550BMS8.png,basculin_blue_striped,rock_head,adaptability,mold_breaker,5
551,//cdn2.bulbagarden.net/upload/5/51/551MS8.png,sandile,intimidate,moxie,anger_point,5
552,//cdn2.bulbagarden.net/upload/5/5f/552MS8.png,krokorok,intimidate,moxie,anger_point,5
553,//cdn2.bulbagarden.net/upload/6/69/553MS8.png,krookodile,intimidate,moxie,anger_point,5
554,//cdn2.bulbagarden.net/upload/1/1f/554MS8.png,darumaka,hustle,,inner_focus,5
554,//cdn2.bulbagarden.net/upload/0/03/554GMS8.png,darumaka_galar,hustle,,inner_focus,8
555,//cdn2.bulbagarden.net/upload/7/75/555MS8.png,darmanitan_standard,sheer_force,,zen_mode,5
555,//cdn2.bulbagarden.net/upload/8/8f/555ZMS8.png,darmanitan_zen,zen_mode,,,5
555,//cdn2.bulbagarden.net/upload/e/ed/555GMS8.png,darmanitan_standard_galar,gorilla_tactics,,zen_mode,8
555,//cdn2.bulbagarden.net/upload/8/8e/555GZMS8.png,darmanitan_zen_galar,gorilla_tactics,,zen_mode,8
556,//cdn2.bulbagarden.net/upload/a/a3/556MS8.png,maractus,water_absorb,chlorophyll,storm_drain,5
557,//cdn2.bulbagarden.net/upload/9/95/557MS8.png,dwebble,sturdy,shell_armor,weak_armor,5
558,//cdn2.bulbagarden.net/upload/5/51/558MS8.png,crustle,sturdy,shell_armor,weak_armor,5
559,//cdn2.bulbagarden.net/upload/c/c3/559MS8.png,scraggy,shed_skin,moxie,intimidate,5
560,//cdn2.bulbagarden.net/upload/b/ba/560MS8.png,scrafty,shed_skin,moxie,intimidate,5
561,//cdn2.bulbagarden.net/upload/c/c6/561MS8.png,sigilyph,wonder_skin,magic_guard,tinted_lens,5
562,//cdn2.bulbagarden.net/upload/4/4d/562MS8.png,yamask,mummy,,,5
562,//cdn2.bulbagarden.net/upload/3/3a/562GMS8.png,yamask_galar,wandering_spirit,,,8
563,//cdn2.bulbagarden.net/upload/c/cb/563MS8.png,cofagrigus,mummy,,,5
867,//cdn2.bulbagarden.net/upload/0/0a/867MS8.png,runerigus,wandering_spirit,,,8
564,//cdn2.bulbagarden.net/upload/5/54/564MS8.png,tirtouga,solid_rock,sturdy,swift_swim,5
565,//cdn2.bulbagarden.net/upload/e/ec/565MS8.png,carracosta,solid_rock,sturdy,swift_swim,5
566,//cdn2.bulbagarden.net/upload/e/e7/566MS8.png,archen,defeatist,,,5
567,//cdn2.bulbagarden.net/upload/4/47/567MS8.png,archeops,defeatist,,,5
568,//cdn2.bulbagarden.net/upload/5/55/568MS8.png,trubbish,stench,sticky_hold,aftermath,5
569,//cdn2.bulbagarden.net/upload/2/26/569MS8.png,garbodor,stench,weak_armor,aftermath,5
570,//cdn2.bulbagarden.net/upload/5/5d/570MS8.png,zorua,illusion,,,5
571,//cdn2.bulbagarden.net/upload/8/81/571MS8.png,zoroark,illusion,,,5
572,//cdn2.bulbagarden.net/upload/d/dc/572MS8.png,minccino,cute_charm,technician,skill_link,5
573,//cdn2.bulbagarden.net/upload/2/2f/573MS8.png,cinccino,cute_charm,technician,skill_link,5
574,//cdn2.bulbagarden.net/upload/4/48/574MS8.png,gothita,frisk,competitive,shadow_tag,5
575,//cdn2.bulbagarden.net/upload/1/14/575MS8.png,gothorita,frisk,competitive,shadow_tag,5
576,//cdn2.bulbagarden.net/upload/b/b0/576MS8.png,gothitelle,frisk,competitive,shadow_tag,5
577,//cdn2.bulbagarden.net/upload/4/46/577MS8.png,solosis,overcoat,magic_guard,regenerator,5
578,//cdn2.bulbagarden.net/upload/0/0a/578MS8.png,duosion,overcoat,magic_guard,regenerator,5
579,//cdn2.bulbagarden.net/upload/0/05/579MS8.png,reuniclus,overcoat,magic_guard,regenerator,5
580,//cdn2.bulbagarden.net/upload/6/6b/580MS6.png,ducklett,keen_eye,big_pecks,hydration,5
581,//cdn2.bulbagarden.net/upload/8/82/581MS6.png,swanna,keen_eye,big_pecks,hydration,5
582,//cdn2.bulbagarden.net/upload/b/be/582MS8.png,vanillite,ice_body,snow_cloak,weak_armor,5
583,//cdn2.bulbagarden.net/upload/e/e5/583MS8.png,vanillish,ice_body,snow_cloak,weak_armor,5
584,//cdn2.bulbagarden.net/upload/f/fd/584MS8.png,vanilluxe,ice_body,snow_warning,weak_armor,5
585,//cdn2.bulbagarden.net/upload/5/59/585MS6.png,deerling_spring,chlorophyll,sap_sipper,serene_grace,5
585,//cdn2.bulbagarden.net/upload/4/4b/585SMS6.png,deerling_summer,chlorophyll,sap_sipper,serene_grace,5
585,//cdn2.bulbagarden.net/upload/f/fb/585AMS6.png,deerling_autumn,chlorophyll,sap_sipper,serene_grace,5
585,//cdn2.bulbagarden.net/upload/e/e4/585WMS6.png,deerling_winter,chlorophyll,sap_sipper,serene_grace,5
586,//cdn2.bulbagarden.net/upload/a/a8/586MS6.png,sawsbuck_spring,chlorophyll,sap_sipper,serene_grace,5
586,//cdn2.bulbagarden.net/upload/6/6e/586SMS6.png,sawsbuck_summer,chlorophyll,sap_sipper,serene_grace,5
586,//cdn2.bulbagarden.net/upload/e/ea/586AMS6.png,sawsbuck_autumn,chlorophyll,sap_sipper,serene_grace,5
586,//cdn2.bulbagarden.net/upload/2/2c/586WMS6.png,sawsbuck_winter,chlorophyll,sap_sipper,serene_grace,5
587,//cdn2.bulbagarden.net/upload/9/99/587MS8.png,emolga,static,,motor_drive,5
588,//cdn2.bulbagarden.net/upload/1/16/588MS8.png,karrablast,swarm,shed_skin,no_guard,5
589,//cdn2.bulbagarden.net/upload/e/ed/589MS8.png,escavalier,swarm,shell_armor,overcoat,5
590,//cdn2.bulbagarden.net/upload/c/c6/590MS8.png,foongus,effect_spore,,regenerator,5
591,//cdn2.bulbagarden.net/upload/c/ca/591MS8.png,amoonguss,effect_spore,,regenerator,5
592,//cdn2.bulbagarden.net/upload/7/7e/592MS8.png,frillish,water_absorb,cursed_body,damp,5
593,//cdn2.bulbagarden.net/upload/8/85/593MS8.png,jellicent,water_absorb,cursed_body,damp,5
594,//cdn2.bulbagarden.net/upload/f/fd/594MS6.png,alomomola,healer,hydration,regenerator,5
595,//cdn2.bulbagarden.net/upload/f/f4/595MS8.png,joltik,compound_eyes,unnerve,swarm,5
596,//cdn2.bulbagarden.net/upload/a/a0/596MS8.png,galvantula,compound_eyes,unnerve,swarm,5
597,//cdn2.bulbagarden.net/upload/a/a6/597MS8.png,ferroseed,iron_barbs,,,5
598,//cdn2.bulbagarden.net/upload/0/0a/598MS8.png,ferrothorn,iron_barbs,,anticipation,5
599,//cdn2.bulbagarden.net/upload/3/33/599MS8.png,klink,plus,minus,clear_body,5
600,//cdn2.bulbagarden.net/upload/1/10/600MS8.png,klang,plus,minus,clear_body,5
601,//cdn2.bulbagarden.net/upload/0/07/601MS8.png,klinklang,plus,minus,clear_body,5
602,//cdn2.bulbagarden.net/upload/0/0d/602MS6.png,tynamo,levitate,,,5
603,//cdn2.bulbagarden.net/upload/9/97/603MS6.png,eelektrik,levitate,,,5
604,//cdn2.bulbagarden.net/upload/8/8c/604MS6.png,eelektross,levitate,,,5
605,//cdn2.bulbagarden.net/upload/3/3d/605MS8.png,elgyem,telepathy,synchronize,analytic,5
606,//cdn2.bulbagarden.net/upload/5/59/606MS8.png,beheeyem,telepathy,synchronize,analytic,5
607,//cdn2.bulbagarden.net/upload/5/5a/607MS8.png,litwick,flash_fire,flame_body,infiltrator,5
608,//cdn2.bulbagarden.net/upload/4/4d/608MS8.png,lampent,flash_fire,flame_body,infiltrator,5
609,//cdn2.bulbagarden.net/upload/3/38/609MS8.png,chandelure,flash_fire,flame_body,infiltrator,5
610,//cdn2.bulbagarden.net/upload/d/d8/610MS8.png,axew,rivalry,mold_breaker,unnerve,5
611,//cdn2.bulbagarden.net/upload/e/e1/611MS8.png,fraxure,rivalry,mold_breaker,unnerve,5
612,//cdn2.bulbagarden.net/upload/7/75/612MS8.png,haxorus,rivalry,mold_breaker,unnerve,5
613,//cdn2.bulbagarden.net/upload/9/97/613MS8.png,cubchoo,snow_cloak,slush_rush,rattled,5
614,//cdn2.bulbagarden.net/upload/8/81/614MS8.png,beartic,snow_cloak,slush_rush,swift_swim,5
615,//cdn2.bulbagarden.net/upload/a/aa/615MS8.png,cryogonal,levitate,,,5
616,//cdn2.bulbagarden.net/upload/a/a5/616MS8.png,shelmet,hydration,shell_armor,overcoat,5
617,//cdn2.bulbagarden.net/upload/2/2d/617MS8.png,accelgor,hydration,sticky_hold,unburden,5
618,//cdn2.bulbagarden.net/upload/b/b4/618MS8.png,stunfisk,static,limber,sand_veil,5
618,//cdn2.bulbagarden.net/upload/7/76/618GMS8.png,stunfisk_galar,mimicry,,,8
619,//cdn2.bulbagarden.net/upload/f/fa/619MS8.png,mienfoo,inner_focus,regenerator,reckless,5
620,//cdn2.bulbagarden.net/upload/d/df/620MS8.png,mienshao,inner_focus,regenerator,reckless,5
621,//cdn2.bulbagarden.net/upload/b/b0/621MS8.png,druddigon,rough_skin,sheer_force,mold_breaker,5
622,//cdn2.bulbagarden.net/upload/d/d2/622MS8.png,golett,iron_fist,klutz,no_guard,5
623,//cdn2.bulbagarden.net/upload/a/ab/623MS8.png,golurk,iron_fist,klutz,no_guard,5
624,//cdn2.bulbagarden.net/upload/e/e9/624MS8.png,pawniard,defiant,inner_focus,pressure,5
625,//cdn2.bulbagarden.net/upload/f/fb/625MS8.png,bisharp,defiant,inner_focus,pressure,5
626,//cdn2.bulbagarden.net/upload/b/b1/626MS8.png,bouffalant,reckless,sap_sipper,soundproof,5
627,//cdn2.bulbagarden.net/upload/f/f5/627MS8.png,rufflet,keen_eye,sheer_force,hustle,5
628,//cdn2.bulbagarden.net/upload/8/88/628MS8.png,braviary,keen_eye,sheer_force,defiant,5
629,//cdn2.bulbagarden.net/upload/1/19/629MS8.png,vullaby,big_pecks,overcoat,weak_armor,5
630,//cdn2.bulbagarden.net/upload/6/65/630MS8.png,mandibuzz,big_pecks,overcoat,weak_armor,5
631,//cdn2.bulbagarden.net/upload/f/f9/631MS8.png,heatmor,gluttony,flash_fire,white_smoke,5
632,//cdn2.bulbagarden.net/upload/9/9e/632MS8.png,durant,swarm,hustle,truant,5
633,//cdn2.bulbagarden.net/upload/6/66/633MS8.png,deino,hustle,,,5
634,//cdn2.bulbagarden.net/upload/0/0a/634MS8.png,zweilous,hustle,,,5
635,//cdn2.bulbagarden.net/upload/6/67/635MS8.png,hydreigon,levitate,,,5
636,//cdn2.bulbagarden.net/upload/9/93/636MS8.png,larvesta,flame_body,,swarm,5
637,//cdn2.bulbagarden.net/upload/f/fb/637MS8.png,volcarona,flame_body,,swarm,5
638,//cdn2.bulbagarden.net/upload/e/e7/638MS8.png,cobalion,justified,,,5
639,//cdn2.bulbagarden.net/upload/5/55/639MS8.png,terrakion,justified,,,5
640,//cdn2.bulbagarden.net/upload/0/06/640MS8.png,virizion,justified,,,5
641,//cdn2.bulbagarden.net/upload/3/37/641MS8.png,tornadus_incarnate,prankster,,defiant,5
641,//cdn2.bulbagarden.net/upload/e/e0/641TMS8.png,tornadus_therian,regenerator,,,5
642,//cdn2.bulbagarden.net/upload/3/37/642MS8.png,thundurus_incarnate,prankster,,defiant,5
642,//cdn2.bulbagarden.net/upload/e/ee/642TMS8.png,thundurus_therian,volt_absorb,,,5
643,//cdn2.bulbagarden.net/upload/0/0e/643MS8.png,reshiram,turboblaze,,,5
644,//cdn2.bulbagarden.net/upload/5/5e/644MS8.png,zekrom,teravolt,,,5
645,//cdn2.bulbagarden.net/upload/7/71/645MS8.png,landorus_incarnate,sand_force,,sheer_force,5
645,//cdn2.bulbagarden.net/upload/b/b4/645TMS8.png,landorus_therian,intimidate,,,5
646,//cdn2.bulbagarden.net/upload/9/9e/646MS8.png,kyurem,pressure,,,5
646,//cdn2.bulbagarden.net/upload/7/73/646BMS8.png,kyurem_black,teravolt,,,5
646,//cdn2.bulbagarden.net/upload/b/b5/646WMS8.png,kyurem_white,turboblaze,,,5
647,//cdn2.bulbagarden.net/upload/2/2e/647MS8.png,keldeo_ordinary,justified,,,5
647,//cdn2.bulbagarden.net/upload/3/31/647RMS8.png,keldeo_resolute,justified,,,5
648,//cdn2.bulbagarden.net/upload/6/6e/648MS6.png,meloetta_aria,serene_grace,,,5
648,//cdn2.bulbagarden.net/upload/8/88/648PMS6.png,meloetta_pirouette,serene_grace,,,5
649,//cdn2.bulbagarden.net/upload/c/ca/649MS8.png,genesect,download,,,5
Dex Number,Sprite URL,Pokemon Name,Ability 1,Ability 2,Hidden,Gen
650,//cdn2.bulbagarden.net/upload/2/27/650MS6.png,chespin,overgrow,,bulletproof,6
651,//cdn2.bulbagarden.net/upload/b/b0/651MS6.png,quilladin,overgrow,,bulletproof,6
652,//cdn2.bulbagarden.net/upload/8/8f/652MS6.png,chesnaught,overgrow,,bulletproof,6
653,//cdn2.bulbagarden.net/upload/5/50/653MS6.png,fennekin,blaze,,magician,6
654,//cdn2.bulbagarden.net/upload/6/6d/654MS6.png,braixen,blaze,,magician,6
655,//cdn2.bulbagarden.net/upload/9/97/655MS6.png,delphox,blaze,,magician,6
656,//cdn2.bulbagarden.net/upload/7/7c/656MS6.png,froakie,torrent,,protean,6
657,//cdn2.bulbagarden.net/upload/0/00/657MS6.png,frogadier,torrent,,protean,6
658,//cdn2.bulbagarden.net/upload/c/cd/658MS6.png,greninja,torrent,,protean,6
658,//cdn2.bulbagarden.net/upload/7/7e/658AMS6.png,greninja_ash,battle_bond,,,7
659,//cdn2.bulbagarden.net/upload/c/c3/659MS8.png,bunnelby,pickup,cheek_pouch,huge_power,6
660,//cdn2.bulbagarden.net/upload/a/a9/660MS8.png,diggersby,pickup,cheek_pouch,huge_power,6
661,//cdn2.bulbagarden.net/upload/0/03/661MS8.png,fletchling,big_pecks,,gale_wings,6
662,//cdn2.bulbagarden.net/upload/d/d2/662MS8.png,fletchinder,flame_body,,gale_wings,6
663,//cdn2.bulbagarden.net/upload/e/e8/663MS8.png,talonflame,flame_body,,gale_wings,6
664,//cdn2.bulbagarden.net/upload/1/1e/664MS6.png,scatterbug,shield_dust,compound_eyes,friend_guard,6
665,//cdn2.bulbagarden.net/upload/1/15/665MS6.png,spewpa,shed_skin,,friend_guard,6
666,//cdn2.bulbagarden.net/upload/3/31/666MS6.png,vivillon,shield_dust,compound_eyes,friend_guard,6
667,//cdn2.bulbagarden.net/upload/d/d4/667MS6.png,litleo,rivalry,unnerve,moxie,6
668,//cdn2.bulbagarden.net/upload/2/22/668MS6.png,pyroar,rivalry,unnerve,moxie,6
669,//cdn2.bulbagarden.net/upload/f/ff/669MS6.png,flabebe,flower_veil,,symbiosis,6
670,//cdn2.bulbagarden.net/upload/0/03/670MS6.png,floette,flower_veil,,symbiosis,6
670,//cdn2.bulbagarden.net/upload/c/cb/670EMS6.png,floette_eternal,flower_veil,,,6
671,//cdn2.bulbagarden.net/upload/4/44/671MS6.png,florges,flower_veil,,symbiosis,6
672,//cdn2.bulbagarden.net/upload/b/b3/672MS6.png,skiddo,sap_sipper,,grass_pelt,6
673,//cdn2.bulbagarden.net/upload/8/8c/673MS6.png,gogoat,sap_sipper,,grass_pelt,6
674,//cdn2.bulbagarden.net/upload/7/7a/674MS8.png,pancham,iron_fist,mold_breaker,scrappy,6
675,//cdn2.bulbagarden.net/upload/4/4c/675MS8.png,pangoro,iron_fist,mold_breaker,scrappy,6
676,//cdn2.bulbagarden.net/upload/8/80/676MS6.png,furfrou,fur_coat,,,6
677,//cdn2.bulbagarden.net/upload/1/11/677MS8.png,espurr,keen_eye,infiltrator,own_tempo,6
678,//cdn2.bulbagarden.net/upload/4/40/678MS8.png,meowstic_m,keen_eye,infiltrator,prankster,6
678,//cdn2.bulbagarden.net/upload/1/14/678FMS8.png,meowstic_f,keen_eye,infiltrator,competitive,6
679,//cdn2.bulbagarden.net/upload/f/f4/679MS8.png,honedge,no_guard,,,6
680,//cdn2.bulbagarden.net/upload/0/0e/680MS8.png,doublade,no_guard,,,6
681,//cdn2.bulbagarden.net/upload/0/09/681MS8.png,aegislash_shield,stance_change,,,6
681,//cdn2.bulbagarden.net/upload/6/63/681BMS8.png,aegislash_blade,stance_change,,,6
682,//cdn2.bulbagarden.net/upload/1/19/682MS8.png,spritzee,healer,,aroma_veil,6
683,//cdn2.bulbagarden.net/upload/f/f0/683MS8.png,aromatisse,healer,,aroma_veil,6
684,//cdn2.bulbagarden.net/upload/d/df/684MS8.png,swirlix,sweet_veil,,unburden,6
685,//cdn2.bulbagarden.net/upload/3/38/685MS8.png,slurpuff,sweet_veil,,unburden,6
686,//cdn2.bulbagarden.net/upload/7/76/686MS8.png,inkay,contrary,suction_cups,infiltrator,6
687,//cdn2.bulbagarden.net/upload/f/ff/687MS8.png,malamar,contrary,suction_cups,infiltrator,6
688,//cdn2.bulbagarden.net/upload/4/42/688MS8.png,binacle,tough_claws,sniper,pickpocket,6
689,//cdn2.bulbagarden.net/upload/a/a6/689MS8.png,barbaracle,tough_claws,sniper,pickpocket,6
690,//cdn2.bulbagarden.net/upload/5/58/690MS8.png,skrelp,poison_point,poison_touch,adaptability,6
691,//cdn2.bulbagarden.net/upload/d/d8/691MS8.png,dragalge,poison_point,poison_touch,adaptability,6
692,//cdn2.bulbagarden.net/upload/3/39/692MS8.png,clauncher,mega_launcher,,,6
693,//cdn2.bulbagarden.net/upload/9/9b/693MS8.png,clawitzer,mega_launcher,,,6
694,//cdn2.bulbagarden.net/upload/7/72/694MS8.png,helioptile,dry_skin,sand_veil,solar_power,6
695,//cdn2.bulbagarden.net/upload/5/57/695MS8.png,heliolisk,dry_skin,sand_veil,solar_power,6
696,//cdn2.bulbagarden.net/upload/b/bf/696MS8.png,tyrunt,strong_jaw,,sturdy,6
697,//cdn2.bulbagarden.net/upload/e/e1/697MS8.png,tyrantrum,strong_jaw,,rock_head,6
698,//cdn2.bulbagarden.net/upload/8/8b/698MS8.png,amaura,refrigerate,,snow_warning,6
699,//cdn2.bulbagarden.net/upload/4/40/699MS8.png,aurorus,refrigerate,,snow_warning,6
701,//cdn2.bulbagarden.net/upload/6/6b/701MS8.png,hawlucha,limber,unburden,mold_breaker,6
702,//cdn2.bulbagarden.net/upload/d/d7/702MS8.png,dedenne,cheek_pouch,pickup,plus,6
703,//cdn2.bulbagarden.net/upload/7/73/703MS8.png,carbink,clear_body,,sturdy,6
704,//cdn2.bulbagarden.net/upload/c/cd/704MS8.png,goomy,sap_sipper,hydration,gooey,6
705,//cdn2.bulbagarden.net/upload/5/50/705MS8.png,sliggoo,sap_sipper,hydration,gooey,6
706,//cdn2.bulbagarden.net/upload/7/72/706MS8.png,goodra,sap_sipper,hydration,gooey,6
707,//cdn2.bulbagarden.net/upload/2/24/707MS8.png,klefki,prankster,,magician,6
708,//cdn2.bulbagarden.net/upload/f/fb/708MS8.png,phantump,natural_cure,frisk,harvest,6
709,//cdn2.bulbagarden.net/upload/9/97/709MS8.png,trevenant,natural_cure,frisk,harvest,6
710,//cdn2.bulbagarden.net/upload/a/aa/710MS8.png,pumpkaboo,pickup,frisk,insomnia,6
711,//cdn2.bulbagarden.net/upload/f/f6/711MS8.png,gourgeist,pickup,frisk,insomnia,6
712,//cdn2.bulbagarden.net/upload/2/22/712MS8.png,bergmite,own_tempo,ice_body,sturdy,6
713,//cdn2.bulbagarden.net/upload/6/6a/713MS8.png,avalugg,own_tempo,ice_body,sturdy,6
714,//cdn2.bulbagarden.net/upload/2/22/714MS8.png,noibat,frisk,infiltrator,telepathy,6
715,//cdn2.bulbagarden.net/upload/e/e6/715MS8.png,noivern,frisk,infiltrator,telepathy,6
716,//cdn2.bulbagarden.net/upload/2/2f/716MS8.png,xerneas,fairy_aura,,,6
717,//cdn2.bulbagarden.net/upload/2/2a/717MS8.png,yveltal,dark_aura,,,6
718,//cdn2.bulbagarden.net/upload/0/05/718MS8.png,zygarde_50,aura_break,power_construct,,6
718,//cdn2.bulbagarden.net/upload/6/67/718TMS8.png,zygarde_10,aura_break,power_construct,,7
718,//cdn2.bulbagarden.net/upload/2/25/718CMS8.png,zygarde_complete,power_construct,,,7
719,//cdn2.bulbagarden.net/upload/0/0e/719MS8.png,diancie,clear_body,,,6
719,//cdn2.bulbagarden.net/upload/e/ee/719MMS6.png,diancie_mega,magic_bounce,,,6
720,//cdn2.bulbagarden.net/upload/c/c1/720MS6.png,hoopa,magician,,,6
720,//cdn2.bulbagarden.net/upload/c/cd/720UMS6.png,hoopa_unbound,magician,,,6
721,//cdn2.bulbagarden.net/upload/d/d4/721MS8.png,volcanion,water_absorb,,,6
Dex Number,Sprite URL,Pokemon Name,Ability 1,Ability 2,Hidden,Gen
722,//cdn2.bulbagarden.net/upload/d/d1/722MS8.png,rowlet,overgrow,,long_reach,7
723,//cdn2.bulbagarden.net/upload/a/ad/723MS8.png,dartrix,overgrow,,long_reach,7
724,//cdn2.bulbagarden.net/upload/e/ec/724MS8.png,decidueye,overgrow,,long_reach,7
725,//cdn2.bulbagarden.net/upload/8/85/725MS8.png,litten,blaze,,intimidate,7
726,//cdn2.bulbagarden.net/upload/b/b9/726MS8.png,torracat,blaze,,intimidate,7
727,//cdn2.bulbagarden.net/upload/a/ac/727MS8.png,incineroar,blaze,,intimidate,7
728,//cdn2.bulbagarden.net/upload/0/04/728MS8.png,popplio,torrent,,liquid_voice,7
729,//cdn2.bulbagarden.net/upload/b/bf/729MS8.png,brionne,torrent,,liquid_voice,7
730,//cdn2.bulbagarden.net/upload/e/e9/730MS8.png,primarina,torrent,,liquid_voice,7
731,//cdn2.bulbagarden.net/upload/0/06/731MS6.png,pikipek,keen_eye,skill_link,pickup,7
732,//cdn2.bulbagarden.net/upload/5/55/732MS6.png,trumbeak,keen_eye,skill_link,pickup,7
733,//cdn2.bulbagarden.net/upload/5/56/733MS6.png,toucannon,keen_eye,skill_link,sheer_force,7
734,//cdn2.bulbagarden.net/upload/0/0f/734MS6.png,yungoos,stakeout,strong_jaw,adaptability,7
735,//cdn2.bulbagarden.net/upload/f/f5/735MS6.png,gumshoos,stakeout,strong_jaw,adaptability,7
736,//cdn2.bulbagarden.net/upload/3/30/736MS8.png,grubbin,swarm,,,7
737,//cdn2.bulbagarden.net/upload/7/77/737MS8.png,charjabug,battery,,,7
738,//cdn2.bulbagarden.net/upload/4/48/738MS8.png,vikavolt,levitate,,,7
739,//cdn2.bulbagarden.net/upload/8/88/739MS6.png,crabrawler,hyper_cutter,iron_fist,anger_point,7
740,//cdn2.bulbagarden.net/upload/7/7a/740MS6.png,crabominable,hyper_cutter,iron_fist,anger_point,7
741,//cdn2.bulbagarden.net/upload/7/75/741MS6.png,oricorio_baile,dancer,,,7
741,//cdn2.bulbagarden.net/upload/b/b5/741PoMS6.png,oricorio_pom_pom,dancer,,,7
741,//cdn2.bulbagarden.net/upload/7/71/741PaMS6.png,oricorio_pau,dancer,,,7
741,//cdn2.bulbagarden.net/upload/9/96/741SeMS6.png,oricorio_sensu,dancer,,,7
742,//cdn2.bulbagarden.net/upload/a/af/742MS8.png,cutiefly,honey_gather,shield_dust,sweet_veil,7
743,//cdn2.bulbagarden.net/upload/e/ed/743MS8.png,ribombee,honey_gather,shield_dust,sweet_veil,7
744,//cdn2.bulbagarden.net/upload/b/bd/744MS8.png,rockruff,keen_eye,vital_spirit,steadfast,7
744,//cdn2.bulbagarden.net/upload/b/bd/744MS8.png,rockruff_own_tempo,own_tempo,,,7
745,//cdn2.bulbagarden.net/upload/b/bf/745MS8.png,lycanroc_midday,keen_eye,sand_rush,steadfast,7
745,//cdn2.bulbagarden.net/upload/8/8e/745MnMS8.png,lycanroc_midnight,keen_eye,vital_spirit,no_guard,7
745,//cdn2.bulbagarden.net/upload/f/fa/745DMS8.png,lycanroc_dusk,tough_claws,,,7
746,//cdn2.bulbagarden.net/upload/2/21/746MS8.png,wishiwashi_solo,schooling,,,7
746,//cdn2.bulbagarden.net/upload/e/e5/746ScMS8.png,wishiwashi_school,schooling,,,7
747,//cdn2.bulbagarden.net/upload/6/69/747MS8.png,mareanie,merciless,limber,regenerator,7
748,//cdn2.bulbagarden.net/upload/3/3f/748MS8.png,toxapex,merciless,limber,regenerator,7
749,//cdn2.bulbagarden.net/upload/5/5e/749MS8.png,mudbray,own_tempo,stamina,inner_focus,7
750,//cdn2.bulbagarden.net/upload/6/6b/750MS8.png,mudsdale,own_tempo,stamina,inner_focus,7
751,//cdn2.bulbagarden.net/upload/b/bb/751MS8.png,dewpider,water_bubble,,water_absorb,7
752,//cdn2.bulbagarden.net/upload/0/06/752MS8.png,araquanid,water_bubble,,water_absorb,7
753,//cdn2.bulbagarden.net/upload/4/4a/753MS8.png,fomantis,leaf_guard,,contrary,7
754,//cdn2.bulbagarden.net/upload/8/8f/754MS8.png,lurantis,leaf_guard,,contrary,7
755,//cdn2.bulbagarden.net/upload/1/19/755MS8.png,morelull,illuminate,effect_spore,rain_dish,7
756,//cdn2.bulbagarden.net/upload/3/31/756MS8.png,shiinotic,illuminate,effect_spore,rain_dish,7
757,//cdn2.bulbagarden.net/upload/8/84/757MS8.png,salandit,corrosion,,oblivious,7
758,//cdn2.bulbagarden.net/upload/6/65/758MS8.png,salazzle,corrosion,,oblivious,7
759,//cdn2.bulbagarden.net/upload/f/f3/759MS8.png,stufful,fluffy,klutz,cute_charm,7
760,//cdn2.bulbagarden.net/upload/c/cd/760MS8.png,bewear,fluffy,klutz,unnerve,7
761,//cdn2.bulbagarden.net/upload/7/72/761MS8.png,bounsweet,leaf_guard,oblivious,sweet_veil,7
762,//cdn2.bulbagarden.net/upload/7/73/762MS8.png,steenee,leaf_guard,oblivious,sweet_veil,7
763,//cdn2.bulbagarden.net/upload/f/ff/763MS8.png,tsareena,leaf_guard,queenly_majesty,sweet_veil,7
764,//cdn2.bulbagarden.net/upload/e/ea/764MS8.png,comfey,flower_veil,triage,natural_cure,7
765,//cdn2.bulbagarden.net/upload/a/ad/765MS8.png,oranguru,inner_focus,telepathy,symbiosis,7
766,//cdn2.bulbagarden.net/upload/e/e0/766MS8.png,passimian,receiver,,defiant,7
767,//cdn2.bulbagarden.net/upload/8/8f/767MS8.png,wimpod,wimp_out,,,7
768,//cdn2.bulbagarden.net/upload/e/ed/768MS8.png,golisopod,emergency_exit,,,7
769,//cdn2.bulbagarden.net/upload/5/54/769MS8.png,sandygast,water_compaction,,sand_veil,7
770,//cdn2.bulbagarden.net/upload/6/67/770MS8.png,palossand,water_compaction,,sand_veil,7
771,//cdn2.bulbagarden.net/upload/d/de/771MS8.png,pyukumuku,innards_out,,unaware,7
772,//cdn2.bulbagarden.net/upload/0/05/772MS8.png,type_null,battle_armor,,,7
773,//cdn2.bulbagarden.net/upload/9/97/773MS8.png,silvally,rks_system,,,7
774,//cdn2.bulbagarden.net/upload/0/00/774MS6.png,minior_meteor,shields_down,,,7
774,//cdn2.bulbagarden.net/upload/9/9d/774RMS6.png,minior,shields_down,,,7
775,//cdn2.bulbagarden.net/upload/f/fb/775MS6.png,komala,comatose,,,7
776,//cdn2.bulbagarden.net/upload/6/63/776MS8.png,turtonator,shell_armor,,,7
777,//cdn2.bulbagarden.net/upload/a/a6/777MS8.png,togedemaru,iron_barbs,lightning_rod,sturdy,7
778,//cdn2.bulbagarden.net/upload/b/b3/778MS8.png,mimikyu,disguise,,,7
778,//cdn2.bulbagarden.net/upload/b/b3/778MS8.png,mimikyu_busted,disguise,,,7
779,//cdn2.bulbagarden.net/upload/8/8a/779MS6.png,bruxish,dazzling,strong_jaw,wonder_skin,7
780,//cdn2.bulbagarden.net/upload/2/2f/780MS8.png,drampa,berserk,sap_sipper,cloud_nine,7
781,//cdn2.bulbagarden.net/upload/2/25/781MS8.png,dhelmise,steelworker,,,7
782,//cdn2.bulbagarden.net/upload/b/b9/782MS8.png,jangmo_o,bulletproof,soundproof,overcoat,7
783,//cdn2.bulbagarden.net/upload/8/8a/783MS8.png,hakamo_o,bulletproof,soundproof,overcoat,7
784,//cdn2.bulbagarden.net/upload/2/2a/784MS8.png,kommo_o,bulletproof,soundproof,overcoat,7
785,//cdn2.bulbagarden.net/upload/5/55/785MS8.png,tapu_koko,electric_surge,,telepathy,7
786,//cdn2.bulbagarden.net/upload/c/c7/786MS8.png,tapu_lele,psychic_surge,,telepathy,7
787,//cdn2.bulbagarden.net/upload/5/5f/787MS8.png,tapu_bulu,grassy_surge,,telepathy,7
788,//cdn2.bulbagarden.net/upload/1/19/788MS8.png,tapu_fini,misty_surge,,telepathy,7
789,//cdn2.bulbagarden.net/upload/5/55/789MS8.png,cosmog,unaware,,,7
790,//cdn2.bulbagarden.net/upload/2/2b/790MS8.png,cosmoem,sturdy,,,7
791,//cdn2.bulbagarden.net/upload/e/e6/791MS8.png,solgaleo,full_metal_body,,,7
792,//cdn2.bulbagarden.net/upload/2/25/792MS8.png,lunala,shadow_shield,,,7
793,//cdn2.bulbagarden.net/upload/3/39/793MS8.png,nihilego,beast_boost,,,7
794,//cdn2.bulbagarden.net/upload/7/7b/794MS8.png,buzzwole,beast_boost,,,7
795,//cdn2.bulbagarden.net/upload/b/bc/795MS8.png,pheromosa,beast_boost,,,7
796,//cdn2.bulbagarden.net/upload/7/7e/796MS8.png,xurkitree,beast_boost,,,7
797,//cdn2.bulbagarden.net/upload/e/e2/797MS8.png,celesteela,beast_boost,,,7
798,//cdn2.bulbagarden.net/upload/d/d5/798MS8.png,kartana,beast_boost,,,7
799,//cdn2.bulbagarden.net/upload/d/dd/799MS8.png,guzzlord,beast_boost,,,7
800,//cdn2.bulbagarden.net/upload/f/f6/800MS8.png,necrozma,prism_armor,,,7
800,//cdn2.bulbagarden.net/upload/6/63/800DMMS8.png,necrozma_dusk,prism_armor,,,7
800,//cdn2.bulbagarden.net/upload/e/ef/800DWMS8.png,necrozma_dawn,prism_armor,,,7
800,//cdn2.bulbagarden.net/upload/c/c6/800UMS6.png,necrozma_ultra,neuroforce,,,7
801,//cdn2.bulbagarden.net/upload/c/c0/801MS8.png,magearna,soul_heart,,,7
802,//cdn2.bulbagarden.net/upload/d/d2/802MS8.png,marshadow,technician,,,7
803,//cdn2.bulbagarden.net/upload/4/49/803MS8.png,poipole,beast_boost,,,7
804,//cdn2.bulbagarden.net/upload/6/67/804MS8.png,naganadel,beast_boost,,,7
805,//cdn2.bulbagarden.net/upload/a/ac/805MS8.png,stakataka,beast_boost,,,7
806,//cdn2.bulbagarden.net/upload/0/07/806MS8.png,blacephalon,beast_boost,,,7
807,//cdn2.bulbagarden.net/upload/0/05/807MS8.png,zeraora,volt_absorb,,,7
808,//cdn2.bulbagarden.net/upload/2/2f/808MS8.png,meltan,magnet_pull,,,7
809,//cdn2.bulbagarden.net/upload/9/97/809MS8.png,melmetal,iron_fist,,,7
Dex Number,Sprite URL,Pokemon Name,Ability 1,Ability 2,Hidden,Gen
810,//cdn2.bulbagarden.net/upload/e/ec/810MS8.png,grookey,overgrow,,grassy_surge,8
811,//cdn2.bulbagarden.net/upload/6/69/811MS8.png,thwackey,overgrow,,grassy_surge,8
812,//cdn2.bulbagarden.net/upload/e/e8/812MS8.png,rillaboom,overgrow,,grassy_surge,8
813,//cdn2.bulbagarden.net/upload/d/df/813MS8.png,scorbunny,blaze,,libero,8
814,//cdn2.bulbagarden.net/upload/5/5f/814MS8.png,raboot,blaze,,libero,8
815,//cdn2.bulbagarden.net/upload/b/bb/815MS8.png,cinderace,blaze,,libero,8
816,//cdn2.bulbagarden.net/upload/c/ce/816MS8.png,sobble,torrent,,sniper,8
817,//cdn2.bulbagarden.net/upload/7/7a/817MS8.png,drizzile,torrent,,sniper,8
818,//cdn2.bulbagarden.net/upload/4/48/818MS8.png,inteleon,torrent,,sniper,8
819,//cdn2.bulbagarden.net/upload/5/5d/819MS8.png,skwovet,cheek_pouch,,gluttony,8
820,//cdn2.bulbagarden.net/upload/9/9c/820MS8.png,greedent,cheek_pouch,,gluttony,8
821,//cdn2.bulbagarden.net/upload/f/f8/821MS8.png,rookidee,keen_eye,unnerve,big_pecks,8
822,//cdn2.bulbagarden.net/upload/8/85/822MS8.png,corvisquire,keen_eye,unnerve,big_pecks,8
823,//cdn2.bulbagarden.net/upload/e/eb/823MS8.png,corviknight,pressure,unnerve,mirror_armor,8
824,//cdn2.bulbagarden.net/upload/1/15/824MS8.png,blipbug,swarm,compound_eyes,telepathy,8
825,//cdn2.bulbagarden.net/upload/1/1e/825MS8.png,dottler,swarm,compound_eyes,telepathy,8
826,//cdn2.bulbagarden.net/upload/6/69/826MS8.png,orbeetle,swarm,frisk,telepathy,8
827,//cdn2.bulbagarden.net/upload/5/50/827MS8.png,nickit,run_away,unburden,stakeout,8
828,//cdn2.bulbagarden.net/upload/9/9d/828MS8.png,thievul,run_away,unburden,stakeout,8
829,//cdn2.bulbagarden.net/upload/4/48/829MS8.png,gossifleur,cotton_down,regenerator,effect_spore,8
830,//cdn2.bulbagarden.net/upload/9/95/830MS8.png,eldegoss,cotton_down,regenerator,effect_spore,8
831,//cdn2.bulbagarden.net/upload/1/15/831MS8.png,wooloo,fluffy,run_away,bulletproof,8
832,//cdn2.bulbagarden.net/upload/f/fb/832MS8.png,dubwool,fluffy,steadfast,bulletproof,8
833,//cdn2.bulbagarden.net/upload/f/fc/833MS8.png,chewtle,strong_jaw,shell_armor,swift_swim,8
834,//cdn2.bulbagarden.net/upload/4/41/834MS8.png,drednaw,strong_jaw,shell_armor,swift_swim,8
835,//cdn2.bulbagarden.net/upload/b/ba/835MS8.png,yamper,ball_fetch,,rattled,8
836,//cdn2.bulbagarden.net/upload/9/9d/836MS8.png,boltund,strong_jaw,,competitive,8
837,//cdn2.bulbagarden.net/upload/2/2a/837MS8.png,rolycoly,steam_engine,heatproof,flash_fire,8
838,//cdn2.bulbagarden.net/upload/6/6c/838MS8.png,carkol,steam_engine,flame_body,flash_fire,8
839,//cdn2.bulbagarden.net/upload/6/6b/839MS8.png,coalossal,steam_engine,flame_body,flash_fire,8
840,//cdn2.bulbagarden.net/upload/9/97/840MS8.png,applin,ripen,gluttony,bulletproof,8
841,//cdn2.bulbagarden.net/upload/8/8e/841MS8.png,flapple,ripen,gluttony,hustle,8
842,//cdn2.bulbagarden.net/upload/9/9e/842MS8.png,appletun,ripen,gluttony,thick_fat,8
843,//cdn2.bulbagarden.net/upload/6/62/843MS8.png,silicobra,sand_spit,shed_skin,sand_veil,8
844,//cdn2.bulbagarden.net/upload/0/0b/844MS8.png,sandaconda,sand_spit,shed_skin,sand_veil,8
845,//cdn2.bulbagarden.net/upload/f/fd/845MS8.png,cramorant,gulp_missile,,,8
845,//cdn2.bulbagarden.net/upload/1/13/845GuMS8.png,cramorant_gulping,gulp_missile,,,8
845,//cdn2.bulbagarden.net/upload/4/43/845GoMS8.png,cramorant_gorging,gulp_missile,,,8
846,//cdn2.bulbagarden.net/upload/b/bd/846MS8.png,arrokuda,swift_swim,,propeller_tail,8
847,//cdn2.bulbagarden.net/upload/3/3d/847MS8.png,barraskewda,swift_swim,,propeller_tail,8
848,//cdn2.bulbagarden.net/upload/5/5b/848MS8.png,toxel,rattled,static,klutz,8
849,//cdn2.bulbagarden.net/upload/5/52/849MS8.png,toxtricity_amped,punk_rock,plus,technician,8
849,//cdn2.bulbagarden.net/upload/8/83/849LMS8.png,toxtricity_low_key,punk_rock,minus,technician,8
850,//cdn2.bulbagarden.net/upload/d/d3/850MS8.png,sizzlipede,flash_fire,white_smoke,flame_body,8
851,//cdn2.bulbagarden.net/upload/8/82/851MS8.png,centiskorch,flash_fire,white_smoke,flame_body,8
852,//cdn2.bulbagarden.net/upload/4/45/852MS8.png,clobbopus,limber,,technician,8
853,//cdn2.bulbagarden.net/upload/c/cb/853MS8.png,grapploct,limber,,technician,8
854,//cdn2.bulbagarden.net/upload/7/75/854MS8.png,sinistea,weak_armor,,cursed_body,8
855,//cdn2.bulbagarden.net/upload/4/4b/855MS8.png,polteageist,weak_armor,,cursed_body,8
856,//cdn2.bulbagarden.net/upload/f/fe/856MS8.png,hatenna,healer,anticipation,magic_bounce,8
857,//cdn2.bulbagarden.net/upload/8/82/857MS8.png,hattrem,healer,anticipation,magic_bounce,8
858,//cdn2.bulbagarden.net/upload/7/77/858MS8.png,hatterene,healer,anticipation,magic_bounce,8
859,//cdn2.bulbagarden.net/upload/7/73/859MS8.png,impidimp,prankster,frisk,pickpocket,8
860,//cdn2.bulbagarden.net/upload/3/30/860MS8.png,morgrem,prankster,frisk,pickpocket,8
861,//cdn2.bulbagarden.net/upload/5/54/861MS8.png,grimmsnarl,prankster,frisk,pickpocket,8
868,//cdn2.bulbagarden.net/upload/2/26/868MS8.png,milcery,sweet_veil,,aroma_veil,8
869,//cdn2.bulbagarden.net/upload/9/98/869MS8.png,alcremie,sweet_veil,,aroma_veil,8
870,//cdn2.bulbagarden.net/upload/b/b6/870MS8.png,falinks,battle_armor,,defiant,8
871,//cdn2.bulbagarden.net/upload/f/f7/871MS8.png,pincurchin,lightning_rod,,electric_surge,8
872,//cdn2.bulbagarden.net/upload/1/1b/872MS8.png,snom,shield_dust,,ice_scales,8
873,//cdn2.bulbagarden.net/upload/e/e5/873MS8.png,frosmoth,shield_dust,,ice_scales,8
874,//cdn2.bulbagarden.net/upload/b/b6/874MS8.png,stonjourner,power_spot,,,8
875,//cdn2.bulbagarden.net/upload/3/3b/875MS8.png,eiscue_ice,ice_face,,,8
875,//cdn2.bulbagarden.net/upload/c/c7/875NMS8.png,eiscue_noice,ice_face,,,8
876,//cdn2.bulbagarden.net/upload/5/57/876MS8.png,indeedee_m,inner_focus,synchronize,psychic_surge,8
876,//cdn2.bulbagarden.net/upload/a/a2/876FMS8.png,indeedee_f,own_tempo,synchronize,psychic_surge,8
877,//cdn2.bulbagarden.net/upload/0/03/877MS8.png,morpeko_full_belly,hunger_switch,,,8
877,//cdn2.bulbagarden.net/upload/4/4a/877HMS8.png,morpeko_hangry,hunger_switch,,,8
878,//cdn2.bulbagarden.net/upload/9/9d/878MS8.png,cufant,sheer_force,,heavy_metal,8
879,//cdn2.bulbagarden.net/upload/f/f5/879MS8.png,copperajah,sheer_force,,heavy_metal,8
880,//cdn2.bulbagarden.net/upload/c/cd/880MS8.png,dracozolt,volt_absorb,hustle,sand_rush,8
881,//cdn2.bulbagarden.net/upload/c/c7/881MS8.png,arctozolt,volt_absorb,static,slush_rush,8
882,//cdn2.bulbagarden.net/upload/e/eb/882MS8.png,dracovish,water_absorb,strong_jaw,sand_rush,8
883,//cdn2.bulbagarden.net/upload/c/c8/883MS8.png,arctovish,water_absorb,ice_body,slush_rush,8
884,//cdn2.bulbagarden.net/upload/1/14/884MS8.png,duraludon,light_metal,heavy_metal,stalwart,8
885,//cdn2.bulbagarden.net/upload/0/06/885MS8.png,dreepy,clear_body,infiltrator,cursed_body,8
886,//cdn2.bulbagarden.net/upload/f/f3/886MS8.png,drakloak,clear_body,infiltrator,cursed_body,8
887,//cdn2.bulbagarden.net/upload/6/67/887MS8.png,dragapult,clear_body,infiltrator,cursed_body,8
888,//cdn2.bulbagarden.net/upload/6/6e/888MS8.png,zacian,intrepid_sword,,,8
888,//cdn2.bulbagarden.net/upload/7/7d/888CMS8.png,zacian_crowned,intrepid_sword,,,8
889,//cdn2.bulbagarden.net/upload/d/d1/889MS8.png,zamazenta,dauntless_shield,,,8
889,//cdn2.bulbagarden.net/upload/9/92/889CMS8.png,zamazenta_crowned,dauntless_shield,,,8
890,//cdn2.bulbagarden.net/upload/8/80/890MS8.png,eternatus,pressure,,,8
890,//cdn2.bulbagarden.net/upload/3/30/890EMS8.png,eternatus_eternamax,pressure,,,8
891,//cdn2.bulbagarden.net/upload/9/9f/891MS8.png,kubfu,inner_focus,,,8
892,//cdn2.bulbagarden.net/upload/a/a7/892MS8.png,urshifu,unseen_fist,,,8
892,//cdn2.bulbagarden.net/upload/a/a7/892MS8.png,urshifu_rapid_strike,unseen_fist,,,8
893,//cdn2.bulbagarden.net/upload/6/62/893MS8.png,zarude,leaf_guard,,,8
894,//cdn2.bulbagarden.net/upload/e/e3/894MS8.png,regieleki,transistor,,,8
895,//cdn2.bulbagarden.net/upload/4/43/895MS8.png,regidrago,dragons_maw,,,8
896,//cdn2.bulbagarden.net/upload/6/68/896MS8.png,glastrier,chilling_neigh,,,8
897,//cdn2.bulbagarden.net/upload/3/34/897MS8.png,spectrier,grim_neigh,,,8
898,//cdn2.bulbagarden.net/upload/8/87/898MS8.png,calyrex,unnerve,,,8
898,//cdn2.bulbagarden.net/upload/e/ed/898IMS8.png,calyrex_ice,as_one_glastrier,,,8
898,//cdn2.bulbagarden.net/upload/c/c4/898SMS8.png,calyrex_shadow,as_one_spectrier,,,8
