Move ID,Name,Type,Category,Contest,PP,Power,Accuracy,Gen
1,pound,normal,physical,tough,35,40,100%,i
2,karate_chop,fighting,physical,tough,25,50,100%,i
3,double_slap,normal,physical,cute,10,15,85%,i
4,comet_punch,normal,physical,tough,15,18,85%,i
5,mega_punch,normal,physical,tough,20,80,85%,i
6,pay_day,normal,physical,clever,20,40,100%,i
7,fire_punch,fire,physical,tough,15,75,100%,i
8,ice_punch,ice,physical,beautiful,15,75,100%,i
9,thunder_punch,electric,physical,cool,15,75,100%,i
10,scratch,normal,physical,tough,35,40,100%,i
11,vise_grip,normal,physical,tough,30,55,100%,i
12,guillotine,normal,physical,cool,5,,30%,i
13,razor_wind,normal,special,cool,10,80,100%,i
14,swords_dance,normal,status,beautiful,20,,,i
15,cut,normal,physical,cool,30,50,95%,i
16,gust,flying,special,clever,35,40,100%,i
17,wing_attack,flying,physical,cool,35,60,100%,i
18,whirlwind,normal,status,clever,20,,,i
19,fly,flying,physical,clever,15,90,95%,i
20,bind,normal,physical,tough,20,15,85%,i
21,slam,normal,physical,tough,20,80,75%,i
22,vine_whip,grass,physical,cool,25,45,100%,i
23,stomp,normal,physical,tough,20,65,100%,i
24,double_kick,fighting,physical,cool,30,30,100%,i
25,mega_kick,normal,physical,cool,5,120,75%,i
26,jump_kick,fighting,physical,cool,10,100,95%,i
27,rolling_kick,fighting,physical,cool,15,60,85%,i
28,sand_attack,ground,status,cute,15,,100%,i
29,headbutt,normal,physical,tough,15,70,100%,i
30,horn_attack,normal,physical,cool,25,65,100%,i
31,fury_attack,normal,physical,cool,20,15,85%,i
32,horn_drill,normal,physical,cool,5,,30%,i
33,tackle,normal,physical,tough,35,40,100%,i
34,body_slam,normal,physical,tough,15,85,100%,i
35,wrap,normal,physical,tough,20,15,90%,i
36,take_down,normal,physical,tough,20,90,85%,i
37,thrash,normal,physical,tough,10,120,100%,i
38,double_edge,normal,physical,tough,15,120,100%,i
39,tail_whip,normal,status,cute,30,,100%,i
40,poison_sting,poison,physical,clever,35,15,100%,i
41,twineedle,bug,physical,cool,20,25,100%,i
42,pin_missile,bug,physical,cool,20,25,95%,i
43,leer,normal,status,cool,30,,100%,i
44,bite,dark,physical,tough,25,60,100%,i
45,growl,normal,status,cute,40,,100%,i
46,roar,normal,status,cool,20,,,i
47,sing,normal,status,cute,15,,55%,i
48,supersonic,normal,status,clever,20,,55%,i
49,sonic_boom,normal,special,cool,20,,90%,i
50,disable,normal,status,clever,20,,100%,i
51,acid,poison,special,clever,30,40,100%,i
52,ember,fire,special,cute,25,40,100%,i
53,flamethrower,fire,special,beautiful,15,90,100%,i
54,mist,ice,status,beautiful,30,,,i
55,water_gun,water,special,cute,25,40,100%,i
56,hydro_pump,water,special,beautiful,5,110,80%,i
57,surf,water,special,beautiful,15,90,100%,i
58,ice_beam,ice,special,beautiful,10,90,100%,i
59,blizzard,ice,special,beautiful,5,110,70%,i
60,psybeam,psychic,special,beautiful,20,65,100%,i
61,bubble_beam,water,special,beautiful,20,65,100%,i
62,aurora_beam,ice,special,beautiful,20,65,100%,i
63,hyper_beam,normal,special,cool,5,150,90%,i
64,peck,flying,physical,cool,35,35,100%,i
65,drill_peck,flying,physical,cool,20,80,100%,i
66,submission,fighting,physical,cool,20,80,80%,i
67,low_kick,fighting,physical,tough,20,,100%,i
68,counter,fighting,physical,tough,20,,100%,i
69,seismic_toss,fighting,physical,tough,20,,100%,i
70,strength,normal,physical,tough,15,80,100%,i
71,absorb,grass,special,clever,25,20,100%,i
72,mega_drain,grass,special,clever,15,40,100%,i
73,leech_seed,grass,status,clever,10,,90%,i
74,growth,normal,status,beautiful,20,,,i
75,razor_leaf,grass,physical,cool,25,55,95%,i
76,solar_beam,grass,special,cool,10,120,100%,i
77,poison_powder,poison,status,clever,35,,75%,i
78,stun_spore,grass,status,clever,30,,75%,i
79,sleep_powder,grass,status,clever,15,,75%,i
80,petal_dance,grass,special,beautiful,10,120,100%,i
81,string_shot,bug,status,clever,40,,95%,i
82,dragon_rage,dragon,special,cool,10,,100%,i
83,fire_spin,fire,special,beautiful,15,35,85%,i
84,thunder_shock,electric,special,cool,30,40,100%,i
85,thunderbolt,electric,special,cool,15,90,100%,i
86,thunder_wave,electric,status,cool,20,,90%,i
87,thunder,electric,special,cool,10,110,70%,i
88,rock_throw,rock,physical,tough,15,50,90%,i
89,earthquake,ground,physical,tough,10,100,100%,i
90,fissure,ground,physical,tough,5,,30%,i
91,dig,ground,physical,tough,10,80,100%,i
92,toxic,poison,status,clever,10,,90%,i
93,confusion,psychic,special,clever,25,50,100%,i
94,psychic,psychic,special,clever,10,90,100%,i
95,hypnosis,psychic,status,clever,20,,60%,i
96,meditate,psychic,status,beautiful,40,,,i
97,agility,psychic,status,cool,30,,,i
98,quick_attack,normal,physical,cool,30,40,100%,i
99,rage,normal,physical,tough,20,20,100%,i
100,teleport,psychic,status,cool,20,,,i
101,night_shade,ghost,special,clever,15,,100%,i
102,mimic,normal,status,cute,10,,,i
103,screech,normal,status,clever,40,,85%,i
104,double_team,normal,status,cool,15,,,i
105,recover,normal,status,clever,10,,,i
106,harden,normal,status,tough,30,,,i
107,minimize,normal,status,cute,10,,,i
108,smokescreen,normal,status,clever,20,,100%,i
109,confuse_ray,ghost,status,clever,10,,100%,i
110,withdraw,water,status,cute,40,,,i
111,defense_curl,normal,status,cute,40,,,i
112,barrier,psychic,status,cool,20,,,i
113,light_screen,psychic,status,beautiful,30,,,i
114,haze,ice,status,beautiful,30,,,i
115,reflect,psychic,status,clever,20,,,i
116,focus_energy,normal,status,cool,30,,,i
117,bide,normal,physical,tough,10,,,i
118,metronome,normal,status,cute,10,,,i
119,mirror_move,flying,status,clever,20,,,i
120,self_destruct,normal,physical,beautiful,5,200,100%,i
121,egg_bomb,normal,physical,cute,10,100,75%,i
122,lick,ghost,physical,cute,30,30,100%,i
123,smog,poison,special,tough,20,30,70%,i
124,sludge,poison,special,tough,20,65,100%,i
125,bone_club,ground,physical,tough,20,65,85%,i
126,fire_blast,fire,special,beautiful,5,110,85%,i
127,waterfall,water,physical,tough,15,80,100%,i
128,clamp,water,physical,tough,15,35,85%,i
129,swift,normal,special,cool,20,60,,i
130,skull_bash,normal,physical,tough,10,130,100%,i
131,spike_cannon,normal,physical,cool,15,20,100%,i
132,constrict,normal,physical,tough,35,10,100%,i
133,amnesia,psychic,status,cute,20,,,i
134,kinesis,psychic,status,clever,15,,80%,i
135,soft_boiled,normal,status,cute,10,,,i
136,high_jump_kick,fighting,physical,cool,10,130,90%,i
137,glare,normal,status,tough,30,,100%,i
138,dream_eater,psychic,special,clever,15,100,100%,i
139,poison_gas,poison,status,clever,40,,90%,i
140,barrage,normal,physical,cute,20,15,85%,i
141,leech_life,bug,physical,clever,10,80,100%,i
142,lovely_kiss,normal,status,beautiful,10,,75%,i
143,sky_attack,flying,physical,cool,5,140,90%,i
144,transform,normal,status,clever,10,,,i
145,bubble,water,special,cute,30,40,100%,i
146,dizzy_punch,normal,physical,cute,10,70,100%,i
147,spore,grass,status,beautiful,15,,100%,i
148,flash,normal,status,beautiful,20,,100%,i
149,psywave,psychic,special,clever,15,,100%,i
150,splash,normal,status,cute,40,,,i
151,acid_armor,poison,status,tough,20,,,i
152,crabhammer,water,physical,tough,10,100,90%,i
153,explosion,normal,physical,beautiful,5,250,100%,i
154,fury_swipes,normal,physical,tough,15,18,80%,i
155,bonemerang,ground,physical,tough,10,50,90%,i
156,rest,psychic,status,cute,10,,,i
157,rock_slide,rock,physical,tough,10,75,90%,i
158,hyper_fang,normal,physical,cool,15,80,90%,i
159,sharpen,normal,status,cute,30,,,i
160,conversion,normal,status,beautiful,30,,,i
161,tri_attack,normal,special,beautiful,10,80,100%,i
162,super_fang,normal,physical,tough,10,,90%,i
163,slash,normal,physical,cool,20,70,100%,i
164,substitute,normal,status,cute,10,,,i
165,struggle,normal,physical,tough,1,50,,i
166,sketch,normal,status,clever,1,,,ii
167,triple_kick,fighting,physical,cool,10,10,90%,ii
168,thief,dark,physical,tough,25,60,100%,ii
169,spider_web,bug,status,clever,10,,,ii
170,mind_reader,normal,status,clever,5,,,ii
171,nightmare,ghost,status,clever,15,,100%,ii
172,flame_wheel,fire,physical,beautiful,25,60,100%,ii
173,snore,normal,special,cute,15,50,100%,ii
174,curse,ghost,status,tough,10,,,ii
175,flail,normal,physical,cute,15,,100%,ii
176,conversion_2,normal,status,beautiful,30,,,ii
177,aeroblast,flying,special,cool,5,100,95%,ii
178,cotton_spore,grass,status,beautiful,40,,100%,ii
179,reversal,fighting,physical,cool,15,,100%,ii
180,spite,ghost,status,tough,10,,100%,ii
181,powder_snow,ice,special,beautiful,25,40,100%,ii
182,protect,normal,status,cute,10,,,ii
183,mach_punch,fighting,physical,cool,30,40,100%,ii
184,scary_face,normal,status,tough,10,,100%,ii
185,feint_attack,dark,physical,clever,20,60,,ii
186,sweet_kiss,fairy,status,cute,10,,75%,ii
187,belly_drum,normal,status,cute,10,,,ii
188,sludge_bomb,poison,special,tough,10,90,100%,ii
189,mud_slap,ground,special,cute,10,20,100%,ii
190,octazooka,water,special,tough,10,65,85%,ii
191,spikes,ground,status,clever,20,,,ii
192,zap_cannon,electric,special,cool,5,120,50%,ii
193,foresight,normal,status,clever,40,,,ii
194,destiny_bond,ghost,status,clever,5,,,ii
195,perish_song,normal,status,beautiful,5,,,ii
196,icy_wind,ice,special,beautiful,15,55,95%,ii
197,detect,fighting,status,cool,5,,,ii
198,bone_rush,ground,physical,tough,10,25,90%,ii
199,lock_on,normal,status,clever,5,,,ii
200,outrage,dragon,physical,cool,10,120,100%,ii
201,sandstorm,rock,status,tough,10,,,ii
202,giga_drain,grass,special,clever,10,75,100%,ii
203,endure,normal,status,tough,10,,,ii
204,charm,fairy,status,cute,20,,100%,ii
205,rollout,rock,physical,cute,20,30,90%,ii
206,false_swipe,normal,physical,cool,40,40,100%,ii
207,swagger,normal,status,cute,15,,85%,ii
208,milk_drink,normal,status,cute,10,,,ii
209,spark,electric,physical,cool,20,65,100%,ii
210,fury_cutter,bug,physical,cool,20,40,95%,ii
211,steel_wing,steel,physical,cool,25,70,90%,ii
212,mean_look,normal,status,beautiful,5,,,ii
213,attract,normal,status,cute,15,,100%,ii
214,sleep_talk,normal,status,cute,10,,,ii
215,heal_bell,normal,status,beautiful,5,,,ii
216,return,normal,physical,cute,20,,100%,ii
217,present,normal,physical,cute,15,,90%,ii
218,frustration,normal,physical,cute,20,,100%,ii
219,safeguard,normal,status,beautiful,25,,,ii
220,pain_split,normal,status,clever,20,,,ii
221,sacred_fire,fire,physical,beautiful,5,100,95%,ii
222,magnitude,ground,physical,tough,30,,100%,ii
223,dynamic_punch,fighting,physical,cool,5,100,50%,ii
224,megahorn,bug,physical,cool,10,120,85%,ii
225,dragon_breath,dragon,special,cool,20,60,100%,ii
226,baton_pass,normal,status,cute,40,,,ii
227,encore,normal,status,cute,5,,100%,ii
228,pursuit,dark,physical,clever,20,40,100%,ii
229,rapid_spin,normal,physical,cool,40,50,100%,ii
230,sweet_scent,normal,status,cute,20,,100%,ii
231,iron_tail,steel,physical,cool,15,100,75%,ii
232,metal_claw,steel,physical,cool,35,50,95%,ii
233,vital_throw,fighting,physical,cool,10,70,,ii
234,morning_sun,normal,status,beautiful,5,,,ii
235,synthesis,grass,status,clever,5,,,ii
236,moonlight,fairy,status,beautiful,5,,,ii
237,hidden_power,normal,special,clever,15,60,100%,ii
238,cross_chop,fighting,physical,cool,5,100,80%,ii
239,twister,dragon,special,cool,20,40,100%,ii
240,rain_dance,water,status,beautiful,5,,,ii
241,sunny_day,fire,status,beautiful,5,,,ii
242,crunch,dark,physical,tough,15,80,100%,ii
243,mirror_coat,psychic,special,beautiful,20,,100%,ii
244,psych_up,normal,status,clever,10,,,ii
245,extreme_speed,normal,physical,cool,5,80,100%,ii
246,ancient_power,rock,special,tough,5,60,100%,ii
247,shadow_ball,ghost,special,clever,15,80,100%,ii
248,future_sight,psychic,special,clever,10,120,100%,ii
249,rock_smash,fighting,physical,tough,15,40,100%,ii
250,whirlpool,water,special,beautiful,15,35,85%,ii
251,beat_up,dark,physical,clever,10,,100%,ii
252,fake_out,normal,physical,cute,10,40,100%,iii
253,uproar,normal,special,cute,10,90,100%,iii
254,stockpile,normal,status,tough,20,,,iii
255,spit_up,normal,special,tough,10,,100%,iii
256,swallow,normal,status,tough,10,,,iii
257,heat_wave,fire,special,beautiful,10,95,90%,iii
258,hail,ice,status,beautiful,10,,,iii
259,torment,dark,status,tough,15,,100%,iii
260,flatter,dark,status,clever,15,,100%,iii
261,will_o_wisp,fire,status,beautiful,15,,85%,iii
262,memento,dark,status,tough,10,,100%,iii
263,facade,normal,physical,cute,20,70,100%,iii
264,focus_punch,fighting,physical,tough,20,150,100%,iii
265,smelling_salts,normal,physical,tough,10,70,100%,iii
266,follow_me,normal,status,cute,20,,,iii
267,nature_power,normal,status,beautiful,20,,,iii
268,charge,electric,status,clever,20,,,iii
269,taunt,dark,status,clever,20,,100%,iii
270,helping_hand,normal,status,clever,20,,,iii
271,trick,psychic,status,clever,10,,100%,iii
272,role_play,psychic,status,cute,10,,,iii
273,wish,normal,status,cute,10,,,iii
274,assist,normal,status,cute,20,,,iii
275,ingrain,grass,status,clever,20,,,iii
276,superpower,fighting,physical,tough,5,120,100%,iii
277,magic_coat,psychic,status,beautiful,15,,,iii
278,recycle,normal,status,clever,10,,,iii
279,revenge,fighting,physical,tough,10,60,100%,iii
280,brick_break,fighting,physical,cool,15,75,100%,iii
281,yawn,normal,status,cute,10,,,iii
282,knock_off,dark,physical,clever,20,65,100%,iii
283,endeavor,normal,physical,tough,5,,100%,iii
284,eruption,fire,special,beautiful,5,150,100%,iii
285,skill_swap,psychic,status,clever,10,,,iii
286,imprison,psychic,status,clever,10,,,iii
287,refresh,normal,status,cute,20,,,iii
288,grudge,ghost,status,tough,5,,,iii
289,snatch,dark,status,clever,10,,,iii
290,secret_power,normal,physical,clever,20,70,100%,iii
291,dive,water,physical,beautiful,10,80,100%,iii
292,arm_thrust,fighting,physical,tough,20,15,100%,iii
293,camouflage,normal,status,clever,20,,,iii
294,tail_glow,bug,status,beautiful,20,,,iii
295,luster_purge,psychic,special,clever,5,70,100%,iii
296,mist_ball,psychic,special,clever,5,70,100%,iii
297,feather_dance,flying,status,beautiful,15,,100%,iii
298,teeter_dance,normal,status,cute,20,,100%,iii
299,blaze_kick,fire,physical,cool,10,85,90%,iii
300,mud_sport,ground,status,cute,15,,,iii
301,ice_ball,ice,physical,beautiful,20,30,90%,iii
302,needle_arm,grass,physical,clever,15,60,100%,iii
303,slack_off,normal,status,cute,10,,,iii
304,hyper_voice,normal,special,cool,10,90,100%,iii
305,poison_fang,poison,physical,clever,15,50,100%,iii
306,crush_claw,normal,physical,cool,10,75,95%,iii
307,blast_burn,fire,special,beautiful,5,150,90%,iii
308,hydro_cannon,water,special,beautiful,5,150,90%,iii
309,meteor_mash,steel,physical,cool,10,90,90%,iii
310,astonish,ghost,physical,cute,15,30,100%,iii
311,weather_ball,normal,special,beautiful,10,50,100%,iii
312,aromatherapy,grass,status,clever,5,,,iii
313,fake_tears,dark,status,cute,20,,100%,iii
314,air_cutter,flying,special,cool,25,60,95%,iii
315,overheat,fire,special,beautiful,5,130,90%,iii
316,odor_sleuth,normal,status,clever,40,,,iii
317,rock_tomb,rock,physical,clever,15,60,95%,iii
318,silver_wind,bug,special,beautiful,5,60,100%,iii
319,metal_sound,steel,status,clever,40,,85%,iii
320,grass_whistle,grass,status,clever,15,,55%,iii
321,tickle,normal,status,cute,20,,100%,iii
322,cosmic_power,psychic,status,beautiful,20,,,iii
323,water_spout,water,special,beautiful,5,150,100%,iii
324,signal_beam,bug,special,beautiful,15,75,100%,iii
325,shadow_punch,ghost,physical,clever,20,60,,iii
326,extrasensory,psychic,special,cool,20,80,100%,iii
327,sky_uppercut,fighting,physical,cool,15,85,90%,iii
328,sand_tomb,ground,physical,clever,15,35,85%,iii
329,sheer_cold,ice,special,beautiful,5,,30%,iii
330,muddy_water,water,special,tough,10,90,85%,iii
331,bullet_seed,grass,physical,cool,30,25,100%,iii
332,aerial_ace,flying,physical,cool,20,60,,iii
333,icicle_spear,ice,physical,beautiful,30,25,100%,iii
334,iron_defense,steel,status,tough,15,,,iii
335,block,normal,status,cute,5,,,iii
336,howl,normal,status,cool,40,,,iii
337,dragon_claw,dragon,physical,cool,15,80,100%,iii
338,frenzy_plant,grass,special,cool,5,150,90%,iii
339,bulk_up,fighting,status,cool,20,,,iii
340,bounce,flying,physical,cute,5,85,85%,iii
341,mud_shot,ground,special,tough,15,55,95%,iii
342,poison_tail,poison,physical,clever,25,50,100%,iii
343,covet,normal,physical,cute,25,60,100%,iii
344,volt_tackle,electric,physical,cool,15,120,100%,iii
345,magical_leaf,grass,special,beautiful,20,60,,iii
346,water_sport,water,status,cute,15,,,iii
347,calm_mind,psychic,status,clever,20,,,iii
348,leaf_blade,grass,physical,cool,15,90,100%,iii
349,dragon_dance,dragon,status,cool,20,,,iii
350,rock_blast,rock,physical,tough,10,25,90%,iii
351,shock_wave,electric,special,cool,20,60,,iii
352,water_pulse,water,special,beautiful,20,60,100%,iii
353,doom_desire,steel,special,beautiful,5,140,100%,iii
354,psycho_boost,psychic,special,clever,5,140,90%,iii
355,roost,flying,status,clever,10,,,iv
356,gravity,psychic,status,clever,5,,,iv
357,miracle_eye,psychic,status,clever,40,,,iv
358,wake_up_slap,fighting,physical,tough,10,70,100%,iv
359,hammer_arm,fighting,physical,tough,10,100,90%,iv
360,gyro_ball,steel,physical,cool,5,,100%,iv
361,healing_wish,psychic,status,beautiful,10,,,iv
362,brine,water,special,tough,10,65,100%,iv
363,natural_gift,normal,physical,clever,15,,100%,iv
364,feint,normal,physical,clever,10,30,100%,iv
365,pluck,flying,physical,cute,20,60,100%,iv
366,tailwind,flying,status,cool,15,,,iv
367,acupressure,normal,status,tough,30,,,iv
368,metal_burst,steel,physical,cool,10,,100%,iv
369,u_turn,bug,physical,cute,20,70,100%,iv
370,close_combat,fighting,physical,tough,5,120,100%,iv
371,payback,dark,physical,tough,10,50,100%,iv
372,assurance,dark,physical,clever,10,60,100%,iv
373,embargo,dark,status,clever,15,,100%,iv
374,fling,dark,physical,cute,10,,100%,iv
375,psycho_shift,psychic,status,clever,10,,100%,iv
376,trump_card,normal,special,cool,5,,,iv
377,heal_block,psychic,status,clever,15,,100%,iv
378,wring_out,normal,special,tough,5,,100%,iv
379,power_trick,psychic,status,clever,10,,,iv
380,gastro_acid,poison,status,tough,10,,100%,iv
381,lucky_chant,normal,status,cute,30,,,iv
382,me_first,normal,status,clever,20,,,iv
383,copycat,normal,status,cute,20,,,iv
384,power_swap,psychic,status,clever,10,,,iv
385,guard_swap,psychic,status,clever,10,,,iv
386,punishment,dark,physical,cool,5,,100%,iv
387,last_resort,normal,physical,cute,5,140,100%,iv
388,worry_seed,grass,status,clever,10,,100%,iv
389,sucker_punch,dark,physical,clever,5,70,100%,iv
390,toxic_spikes,poison,status,clever,20,,,iv
391,heart_swap,psychic,status,clever,10,,,iv
392,aqua_ring,water,status,beautiful,20,,,iv
393,magnet_rise,electric,status,clever,10,,,iv
394,flare_blitz,fire,physical,cool,15,120,100%,iv
395,force_palm,fighting,physical,cool,10,60,100%,iv
396,aura_sphere,fighting,special,beautiful,20,80,,iv
397,rock_polish,rock,status,tough,20,,,iv
398,poison_jab,poison,physical,tough,20,80,100%,iv
399,dark_pulse,dark,special,cool,15,80,100%,iv
400,night_slash,dark,physical,cool,15,70,100%,iv
401,aqua_tail,water,physical,beautiful,10,90,90%,iv
402,seed_bomb,grass,physical,tough,15,80,100%,iv
403,air_slash,flying,special,cool,15,75,95%,iv
404,x_scissor,bug,physical,cool,15,80,100%,iv
405,bug_buzz,bug,special,beautiful,10,90,100%,iv
406,dragon_pulse,dragon,special,beautiful,10,85,100%,iv
407,dragon_rush,dragon,physical,tough,10,100,75%,iv
408,power_gem,rock,special,beautiful,20,80,100%,iv
409,drain_punch,fighting,physical,tough,10,75,100%,iv
410,vacuum_wave,fighting,special,cool,30,40,100%,iv
411,focus_blast,fighting,special,cool,5,120,70%,iv
412,energy_ball,grass,special,beautiful,10,90,100%,iv
413,brave_bird,flying,physical,cool,15,120,100%,iv
414,earth_power,ground,special,beautiful,10,90,100%,iv
415,switcheroo,dark,status,clever,10,,100%,iv
416,giga_impact,normal,physical,tough,5,150,90%,iv
417,nasty_plot,dark,status,clever,20,,,iv
418,bullet_punch,steel,physical,tough,30,40,100%,iv
419,avalanche,ice,physical,beautiful,10,60,100%,iv
420,ice_shard,ice,physical,beautiful,30,40,100%,iv
421,shadow_claw,ghost,physical,cool,15,70,100%,iv
422,thunder_fang,electric,physical,cool,15,65,95%,iv
423,ice_fang,ice,physical,cool,15,65,95%,iv
424,fire_fang,fire,physical,cool,15,65,95%,iv
425,shadow_sneak,ghost,physical,clever,30,40,100%,iv
426,mud_bomb,ground,special,cute,10,65,85%,iv
427,psycho_cut,psychic,physical,cool,20,70,100%,iv
428,zen_headbutt,psychic,physical,clever,15,80,90%,iv
429,mirror_shot,steel,special,beautiful,10,65,85%,iv
430,flash_cannon,steel,special,beautiful,10,80,100%,iv
431,rock_climb,normal,physical,tough,20,90,85%,iv
432,defog,flying,status,cool,15,,,iv
433,trick_room,psychic,status,clever,5,,,iv
434,draco_meteor,dragon,special,beautiful,5,130,90%,iv
435,discharge,electric,special,beautiful,15,80,100%,iv
436,lava_plume,fire,special,tough,15,80,100%,iv
437,leaf_storm,grass,special,beautiful,5,130,90%,iv
438,power_whip,grass,physical,tough,10,120,85%,iv
439,rock_wrecker,rock,physical,tough,5,150,90%,iv
440,cross_poison,poison,physical,cool,20,70,100%,iv
441,gunk_shot,poison,physical,tough,5,120,80%,iv
442,iron_head,steel,physical,tough,15,80,100%,iv
443,magnet_bomb,steel,physical,cool,20,60,,iv
444,stone_edge,rock,physical,tough,5,100,80%,iv
445,captivate,normal,status,cute,20,,100%,iv
446,stealth_rock,rock,status,cool,20,,,iv
447,grass_knot,grass,special,cute,20,,100%,iv
448,chatter,flying,special,cute,20,65,100%,iv
449,judgment,normal,special,beautiful,10,100,100%,iv
450,bug_bite,bug,physical,cute,20,60,100%,iv
451,charge_beam,electric,special,beautiful,10,50,90%,iv
452,wood_hammer,grass,physical,tough,15,120,100%,iv
453,aqua_jet,water,physical,cool,20,40,100%,iv
454,attack_order,bug,physical,clever,15,90,100%,iv
455,defend_order,bug,status,clever,10,,,iv
456,heal_order,bug,status,clever,10,,,iv
457,head_smash,rock,physical,tough,5,150,80%,iv
458,double_hit,normal,physical,cool,10,35,90%,iv
459,roar_of_time,dragon,special,beautiful,5,150,90%,iv
460,spacial_rend,dragon,special,beautiful,5,100,95%,iv
461,lunar_dance,psychic,status,beautiful,10,,,iv
462,crush_grip,normal,physical,tough,5,,100%,iv
463,magma_storm,fire,special,tough,5,100,75%,iv
464,dark_void,dark,status,clever,10,,50%,iv
465,seed_flare,grass,special,beautiful,5,120,85%,iv
466,ominous_wind,ghost,special,beautiful,5,60,100%,iv
467,shadow_force,ghost,physical,cool,5,120,100%,iv
468,hone_claws,dark,status,cute,15,,,v
469,wide_guard,rock,status,tough,10,,,v
470,guard_split,psychic,status,clever,10,,,v
471,power_split,psychic,status,clever,10,,,v
472,wonder_room,psychic,status,clever,10,,,v
473,psyshock,psychic,special,beautiful,10,80,100%,v
474,venoshock,poison,special,beautiful,10,65,100%,v
475,autotomize,steel,status,beautiful,15,,,v
476,rage_powder,bug,status,clever,20,,,v
477,telekinesis,psychic,status,clever,15,,,v
478,magic_room,psychic,status,clever,10,,,v
479,smack_down,rock,physical,tough,15,50,100%,v
480,storm_throw,fighting,physical,cool,10,60,100%,v
481,flame_burst,fire,special,beautiful,15,70,100%,v
482,sludge_wave,poison,special,tough,10,95,100%,v
483,quiver_dance,bug,status,beautiful,20,,,v
484,heavy_slam,steel,physical,tough,10,,100%,v
485,synchronoise,psychic,special,clever,10,120,100%,v
486,electro_ball,electric,special,cool,10,,100%,v
487,soak,water,status,cute,20,,100%,v
488,flame_charge,fire,physical,cool,20,50,100%,v
489,coil,poison,status,tough,20,,,v
490,low_sweep,fighting,physical,clever,20,65,100%,v
491,acid_spray,poison,special,beautiful,20,40,100%,v
492,foul_play,dark,physical,clever,15,95,100%,v
493,simple_beam,normal,status,cute,15,,100%,v
494,entrainment,normal,status,cute,15,,100%,v
495,after_you,normal,status,cute,15,,,v
496,round,normal,special,beautiful,15,60,100%,v
497,echoed_voice,normal,special,beautiful,15,40,100%,v
498,chip_away,normal,physical,tough,20,70,100%,v
499,clear_smog,poison,special,beautiful,15,50,,v
500,stored_power,psychic,special,clever,10,20,100%,v
501,quick_guard,fighting,status,cool,15,,,v
502,ally_switch,psychic,status,clever,15,,,v
503,scald,water,special,tough,15,80,100%,v
504,shell_smash,normal,status,tough,15,,,v
505,heal_pulse,psychic,status,beautiful,10,,,v
506,hex,ghost,special,clever,10,65,100%,v
507,sky_drop,flying,physical,tough,10,60,100%,v
508,shift_gear,steel,status,clever,10,,,v
509,circle_throw,fighting,physical,cool,10,60,90%,v
510,incinerate,fire,special,tough,15,60,100%,v
511,quash,dark,status,clever,15,,100%,v
512,acrobatics,flying,physical,cool,15,55,100%,v
513,reflect_type,normal,status,clever,15,,,v
514,retaliate,normal,physical,cool,5,70,100%,v
515,final_gambit,fighting,special,tough,5,,100%,v
516,bestow,normal,status,cute,15,,,v
517,inferno,fire,special,beautiful,5,100,50%,v
518,water_pledge,water,special,beautiful,10,80,100%,v
519,fire_pledge,fire,special,beautiful,10,80,100%,v
520,grass_pledge,grass,special,beautiful,10,80,100%,v
521,volt_switch,electric,special,cool,20,70,100%,v
522,struggle_bug,bug,special,cute,20,50,100%,v
523,bulldoze,ground,physical,tough,20,60,100%,v
524,frost_breath,ice,special,beautiful,10,60,90%,v
525,dragon_tail,dragon,physical,tough,10,60,90%,v
526,work_up,normal,status,tough,30,,,v
527,electroweb,electric,special,beautiful,15,55,95%,v
528,wild_charge,electric,physical,tough,15,90,100%,v
529,drill_run,ground,physical,tough,10,80,95%,v
530,dual_chop,dragon,physical,tough,15,40,90%,v
531,heart_stamp,psychic,physical,cute,25,60,100%,v
532,horn_leech,grass,physical,tough,10,75,100%,v
533,sacred_sword,fighting,physical,cool,15,90,100%,v
534,razor_shell,water,physical,cool,10,75,95%,v
535,heat_crash,fire,physical,tough,10,,100%,v
536,leaf_tornado,grass,special,cool,10,65,90%,v
537,steamroller,bug,physical,tough,20,65,100%,v
538,cotton_guard,grass,status,cute,10,,,v
539,night_daze,dark,special,cool,10,85,95%,v
540,psystrike,psychic,special,cool,10,100,100%,v
541,tail_slap,normal,physical,cute,10,25,85%,v
542,hurricane,flying,special,tough,10,110,70%,v
543,head_charge,normal,physical,tough,15,120,100%,v
544,gear_grind,steel,physical,clever,15,50,85%,v
545,searing_shot,fire,special,cool,5,100,100%,v
546,techno_blast,normal,special,cool,5,120,100%,v
547,relic_song,normal,special,beautiful,10,75,100%,v
548,secret_sword,fighting,special,beautiful,10,85,100%,v
549,glaciate,ice,special,beautiful,10,65,95%,v
550,bolt_strike,electric,physical,beautiful,5,130,85%,v
551,blue_flare,fire,special,beautiful,5,130,85%,v
552,fiery_dance,fire,special,beautiful,10,80,100%,v
553,freeze_shock,ice,physical,beautiful,5,140,90%,v
554,ice_burn,ice,special,beautiful,5,140,90%,v
555,snarl,dark,special,tough,15,55,95%,v
556,icicle_crash,ice,physical,beautiful,10,85,90%,v
557,v_create,fire,physical,cool,5,180,95%,v
558,fusion_flare,fire,special,beautiful,5,100,100%,v
559,fusion_bolt,electric,physical,cool,5,100,100%,v
560,flying_press,fighting,physical,tough,10,100,95%,vi
561,mat_block,fighting,status,cool,10,,,vi
562,belch,poison,special,tough,10,120,90%,vi
563,rototiller,ground,status,tough,10,,,vi
564,sticky_web,bug,status,tough,20,,,vi
565,fell_stinger,bug,physical,cool,25,50,100%,vi
566,phantom_force,ghost,physical,cool,10,90,100%,vi
567,trick_or_treat,ghost,status,cute,20,,100%,vi
568,noble_roar,normal,status,tough,30,,100%,vi
569,ion_deluge,electric,status,beautiful,25,,,vi
570,parabolic_charge,electric,special,clever,20,65,100%,vi
571,forests_curse,grass,status,clever,20,,100%,vi
572,petal_blizzard,grass,physical,beautiful,15,90,100%,vi
573,freeze_dry,ice,special,beautiful,20,70,100%,vi
574,disarming_voice,fairy,special,cute,15,40,,vi
575,parting_shot,dark,status,cool,20,,100%,vi
576,topsy_turvy,dark,status,clever,20,,,vi
577,draining_kiss,fairy,special,cute,10,50,100%,vi
578,crafty_shield,fairy,status,clever,10,,,vi
579,flower_shield,fairy,status,beautiful,10,,,vi
580,grassy_terrain,grass,status,beautiful,10,,,vi
581,misty_terrain,fairy,status,beautiful,10,,,vi
582,electrify,electric,status,clever,20,,,vi
583,play_rough,fairy,physical,cute,10,90,90%,vi
584,fairy_wind,fairy,special,beautiful,30,40,100%,vi
585,moonblast,fairy,special,beautiful,15,95,100%,vi
586,boomburst,normal,special,tough,10,140,100%,vi
587,fairy_lock,fairy,status,clever,10,,,vi
588,kings_shield,steel,status,cool,10,,,vi
589,play_nice,normal,status,cute,20,,,vi
590,confide,normal,status,cute,20,,,vi
591,diamond_storm,rock,physical,beautiful,5,100,95%,vi
592,steam_eruption,water,special,beautiful,5,110,95%,vi
593,hyperspace_hole,psychic,special,clever,5,80,,vi
594,water_shuriken,water,special,cool,20,15,100%,vi
595,mystical_fire,fire,special,beautiful,10,75,100%,vi
596,spiky_shield,grass,status,tough,10,,,vi
597,aromatic_mist,fairy,status,beautiful,20,,,vi
598,eerie_impulse,electric,status,clever,15,,100%,vi
599,venom_drench,poison,status,clever,20,,100%,vi
600,powder,bug,status,clever,20,,100%,vi
601,geomancy,fairy,status,beautiful,10,,,vi
602,magnetic_flux,electric,status,clever,20,,,vi
603,happy_hour,normal,status,cute,30,,,vi
604,electric_terrain,electric,status,clever,10,,,vi
605,dazzling_gleam,fairy,special,beautiful,10,80,100%,vi
606,celebrate,normal,status,cute,40,,,vi
607,hold_hands,normal,status,cute,40,,,vi
608,baby_doll_eyes,fairy,status,cute,30,,100%,vi
609,nuzzle,electric,physical,cute,20,20,100%,vi
610,hold_back,normal,physical,cool,40,40,100%,vi
611,infestation,bug,special,cute,20,20,100%,vi
612,power_up_punch,fighting,physical,tough,20,40,100%,vi
613,oblivion_wing,flying,special,cool,10,80,100%,vi
614,thousand_arrows,ground,physical,beautiful,10,90,100%,vi
615,thousand_waves,ground,physical,tough,10,90,100%,vi
616,lands_wrath,ground,physical,beautiful,10,90,100%,vi
617,light_of_ruin,fairy,special,beautiful,5,140,90%,vi
618,origin_pulse,water,special,beautiful,10,110,85%,vi
619,precipice_blades,ground,physical,cool,10,120,85%,vi
620,dragon_ascent,flying,physical,beautiful,5,120,100%,vi
621,hyperspace_fury,dark,physical,tough,5,100,,vi
622,breakneck_blitz,normal,physical,???,1,,,vii
623,breakneck_blitz,normal,special,???,1,,,vii
624,all_out_pummeling,fighting,physical,???,1,,,vii
625,all_out_pummeling,fighting,special,???,1,,,vii
626,supersonic_skystrike,flying,physical,???,1,,,vii
627,supersonic_skystrike,flying,special,???,1,,,vii
628,acid_downpour,poison,physical,???,1,,,vii
629,acid_downpour,poison,special,???,1,,,vii
630,tectonic_rage,ground,physical,???,1,,,vii
631,tectonic_rage,ground,special,???,1,,,vii
632,continental_crush,rock,physical,???,1,,,vii
633,continental_crush,rock,special,???,1,,,vii
634,savage_spin_out,bug,physical,???,1,,,vii
635,savage_spin_out,bug,special,???,1,,,vii
636,never_ending_nightmare,ghost,physical,???,1,,,vii
637,never_ending_nightmare,ghost,special,???,1,,,vii
638,corkscrew_crash,steel,physical,???,1,,,vii
639,corkscrew_crash,steel,special,???,1,,,vii
640,inferno_overdrive,fire,physical,???,1,,,vii
641,inferno_overdrive,fire,special,???,1,,,vii
642,hydro_vortex,water,physical,???,1,,,vii
643,hydro_vortex,water,special,???,1,,,vii
644,bloom_doom,grass,physical,???,1,,,vii
645,bloom_doom,grass,special,???,1,,,vii
646,gigavolt_havoc,electric,physical,???,1,,,vii
647,gigavolt_havoc,electric,special,???,1,,,vii
648,shattered_psyche,psychic,physical,???,1,,,vii
649,shattered_psyche,psychic,special,???,1,,,vii
650,subzero_slammer,ice,physical,???,1,,,vii
651,subzero_slammer,ice,special,???,1,,,vii
652,devastating_drake,dragon,physical,???,1,,,vii
653,devastating_drake,dragon,special,???,1,,,vii
654,black_hole_eclipse,dark,physical,???,1,,,vii
655,black_hole_eclipse,dark,special,???,1,,,vii
656,twinkle_tackle,fairy,physical,???,1,,,vii
657,twinkle_tackle,fairy,special,???,1,,,vii
658,catastropika,electric,physical,???,1,210,,vii
659,shore_up,ground,status,???,10,,,vii
660,first_impression,bug,physical,???,10,90,100%,vii
661,baneful_bunker,poison,status,???,10,,,vii
662,spirit_shackle,ghost,physical,???,10,80,100%,vii
663,darkest_lariat,dark,physical,???,10,85,100%,vii
664,sparkling_aria,water,special,???,10,90,100%,vii
665,ice_hammer,ice,physical,???,10,100,90%,vii
666,floral_healing,fairy,status,???,10,,,vii
667,high_horsepower,ground,physical,???,10,95,95%,vii
668,strength_sap,grass,status,???,10,,100%,vii
669,solar_blade,grass,physical,???,10,125,100%,vii
670,leafage,grass,physical,???,40,40,100%,vii
671,spotlight,normal,status,???,15,,,vii
672,toxic_thread,poison,status,???,20,,100%,vii
673,laser_focus,normal,status,???,30,,,vii
674,gear_up,steel,status,???,20,,,vii
675,throat_chop,dark,physical,???,15,80,100%,vii
676,pollen_puff,bug,special,???,15,90,100%,vii
677,anchor_shot,steel,physical,???,20,80,100%,vii
678,psychic_terrain,psychic,status,???,10,,,vii
679,lunge,bug,physical,???,15,80,100%,vii
680,fire_lash,fire,physical,???,15,80,100%,vii
681,power_trip,dark,physical,???,10,20,100%,vii
682,burn_up,fire,special,???,5,130,100%,vii
683,speed_swap,psychic,status,???,10,,,vii
684,smart_strike,steel,physical,???,10,70,,vii
685,purify,poison,status,???,20,,,vii
686,revelation_dance,normal,special,???,15,90,100%,vii
687,core_enforcer,dragon,special,???,10,100,100%,vii
688,trop_kick,grass,physical,???,15,70,100%,vii
689,instruct,psychic,status,???,15,,,vii
690,beak_blast,flying,physical,???,15,100,100%,vii
691,clanging_scales,dragon,special,???,5,110,100%,vii
692,dragon_hammer,dragon,physical,???,15,90,100%,vii
693,brutal_swing,dark,physical,???,20,60,100%,vii
694,aurora_veil,ice,status,???,20,,,vii
695,sinister_arrow_raid,ghost,physical,???,1,180,,vii
696,malicious_moonsault,dark,physical,???,1,180,,vii
697,oceanic_operetta,water,special,???,1,195,,vii
698,guardian_of_alola,fairy,special,???,1,,,vii
699,soul_stealing_7_star_strike,ghost,physical,???,1,195,,vii
700,stoked_sparksurfer,electric,special,???,1,175,,vii
701,pulverizing_pancake,normal,physical,???,1,210,,vii
702,extreme_evoboost,normal,status,???,1,,,vii
703,genesis_supernova,psychic,special,???,1,185,,vii
704,shell_trap,fire,special,???,5,150,100%,vii
705,fleur_cannon,fairy,special,???,5,130,90%,vii
706,psychic_fangs,psychic,physical,???,10,85,100%,vii
707,stomping_tantrum,ground,physical,???,10,75,100%,vii
708,shadow_bone,ghost,physical,???,10,85,100%,vii
709,accelerock,rock,physical,???,20,40,100%,vii
710,liquidation,water,physical,???,10,85,100%,vii
711,prismatic_laser,psychic,special,???,10,160,100%,vii
712,spectral_thief,ghost,physical,???,10,90,100%,vii
713,sunsteel_strike,steel,physical,???,5,100,100%,vii
714,moongeist_beam,ghost,special,???,5,100,100%,vii
715,tearful_look,normal,status,???,20,,,vii
716,zing_zap,electric,physical,???,10,80,100%,vii
717,natures_madness,fairy,special,???,10,,90%,vii
718,multi_attack,normal,physical,???,10,120,100%,vii
719,10000000_volt_thunderbolt,electric,special,???,1,195,,vii
720,mind_blown,fire,special,???,5,150,100%,vii
721,plasma_fists,electric,physical,???,15,100,100%,vii
722,photon_geyser,psychic,special,???,5,100,100%,vii
723,light_that_burns_the_sky,psychic,special,???,1,200,,vii
724,searing_sunraze_smash,steel,physical,???,1,200,,vii
725,menacing_moonraze_maelstrom,ghost,special,???,1,200,,vii
726,lets_snuggle_forever,fairy,physical,???,1,190,,vii
727,splintered_stormshards,rock,physical,???,1,190,,vii
728,clangorous_soulblaze,dragon,special,???,1,185,,vii
729,zippy_zap,electric,physical,???,15,50,100%,vii
730,splishy_splash,water,special,???,15,90,100%,vii
731,floaty_fall,flying,physical,???,15,90,95%,vii
732,pika_papow,electric,special,???,20,,,vii
733,bouncy_bubble,water,special,???,15,90,100%,vii
734,buzzy_buzz,electric,special,???,15,90,100%,vii
735,sizzly_slide,fire,physical,???,15,90,100%,vii
736,glitzy_glow,psychic,special,???,15,90,100%,vii
737,baddy_bad,dark,special,???,15,90,100%,vii
738,sappy_seed,grass,physical,???,15,90,100%,vii
739,freezy_frost,ice,special,???,15,90,100%,vii
740,sparkly_swirl,fairy,special,???,15,90,100%,vii
741,veevee_volley,normal,physical,???,20,,,vii
742,double_iron_bash,steel,physical,???,5,60,100%,vii
743,max_guard,normal,status,???,10,,,viii
744,dynamax_cannon,dragon,special,???,5,100,100%,viii
745,snipe_shot,water,special,???,15,80,100%,viii
746,jaw_lock,dark,physical,???,10,80,100%,viii
747,stuff_cheeks,normal,status,???,10,,,viii
748,no_retreat,fighting,status,???,5,,,viii
749,tar_shot,rock,status,???,15,,100%,viii
750,magic_powder,psychic,status,???,20,,100%,viii
751,dragon_darts,dragon,physical,???,10,50,100%,viii
752,teatime,normal,status,???,10,,,viii
753,octolock,fighting,status,???,15,,100%,viii
754,bolt_beak,electric,physical,???,10,85,100%,viii
755,fishious_rend,water,physical,???,10,85,100%,viii
756,court_change,normal,status,???,10,,100%,viii
757,max_flare,fire,???,???,10,,,viii
758,max_flutterby,bug,???,???,10,,,viii
759,max_lightning,electric,???,???,10,,,viii
760,max_strike,normal,???,???,10,,,viii
761,max_knuckle,fighting,???,???,10,,,viii
762,max_phantasm,ghost,???,???,10,,,viii
763,max_hailstorm,ice,???,???,10,,,viii
764,max_ooze,poison,???,???,10,,,viii
765,max_geyser,water,???,???,10,,,viii
766,max_airstream,flying,???,???,10,,,viii
767,max_starfall,fairy,???,???,10,,,viii
768,max_wyrmwind,dragon,???,???,10,,,viii
769,max_mindstorm,psychic,???,???,10,,,viii
770,max_rockfall,rock,???,???,10,,,viii
771,max_quake,ground,???,???,10,,,viii
772,max_darkness,dark,???,???,10,,,viii
773,max_overgrowth,grass,???,???,10,,,viii
774,max_steelspike,steel,???,???,10,,,viii
775,clangorous_soul,dragon,status,???,5,,100%,viii
776,body_press,fighting,physical,???,10,80,100%,viii
777,decorate,fairy,status,???,15,,,viii
778,drum_beating,grass,physical,???,10,80,100%,viii
779,snap_trap,grass,physical,???,15,35,100%,viii
780,pyro_ball,fire,physical,???,5,120,90%,viii
781,behemoth_blade,steel,physical,???,5,100,100%,viii
782,behemoth_bash,steel,physical,???,5,100,100%,viii
783,aura_wheel,electric,physical,???,10,110,100%,viii
784,breaking_swipe,dragon,physical,???,15,60,100%,viii
785,branch_poke,grass,physical,???,40,40,100%,viii
786,overdrive,electric,special,???,10,80,100%,viii
787,apple_acid,grass,special,???,10,80,100%,viii
788,grav_apple,grass,physical,???,10,80,100%,viii
789,spirit_break,fairy,physical,???,15,75,100%,viii
790,strange_steam,fairy,special,???,10,90,95%,viii
791,life_dew,water,status,???,10,,,viii
792,obstruct,dark,status,???,10,,100%,viii
793,false_surrender,dark,physical,???,10,80,,viii
794,meteor_assault,fighting,physical,???,5,150,100%,viii
795,eternabeam,dragon,special,???,5,160,90%,viii
796,steel_beam,steel,special,???,5,140,95%,viii
797,expanding_force,psychic,special,???,10,80,100%,viii
798,steel_roller,steel,physical,???,5,130,100%,viii
799,scale_shot,dragon,physical,???,20,25,90%,viii
800,meteor_beam,rock,special,???,10,120,90%,viii
801,shell_side_arm,poison,special,???,10,90,100%,viii
802,misty_explosion,fairy,special,???,5,100,100%,viii
803,grassy_glide,grass,physical,???,20,70,100%,viii
804,rising_voltage,electric,special,???,20,70,100%,viii
805,terrain_pulse,normal,special,???,10,50,100%,viii
806,skitter_smack,bug,physical,???,10,70,90%,viii
807,burning_jealousy,fire,special,???,5,70,100%,viii
808,lash_out,dark,physical,???,5,75,100%,viii
809,poltergeist,ghost,physical,???,5,110,90%,viii
810,corrosive_gas,poison,status,???,40,,100%,viii
811,coaching,fighting,status,???,10,,,viii
812,flip_turn,water,physical,???,20,60,100%,viii
813,triple_axel,ice,physical,???,10,20,90%,viii
814,dual_wingbeat,flying,physical,???,10,40,90%,viii
815,scorching_sands,ground,special,???,10,70,100%,viii
816,jungle_healing,grass,status,???,10,,,viii
817,wicked_blow,dark,physical,???,5,80,100%,viii
818,surging_strikes,water,physical,???,5,25,100%,viii
819,thunder_cage,electric,special,???,15,80,90%,viii
820,dragon_energy,dragon,special,???,5,150,100%,viii
821,freezing_glare,psychic,special,???,10,90,100%,viii
822,fiery_wrath,dark,special,???,10,90,100%,viii
823,thunderous_kick,fighting,physical,???,10,90,100%,viii
824,glacial_lance,ice,physical,???,5,130,100%,viii
825,astral_barrage,ghost,special,???,5,120,100%,viii
826,eerie_spell,psychic,special,???,5,80,100%,viii
???,stone_axe,???,???,???,???,???,???,viii
828,g_max_wildfire,fire,--,--,--,--,--,VIII
829,g_max_befuddle,bug,--,--,--,--,--,VIII
830,g_max_volt_crash,electric,--,--,--,--,--,VIII
831,g_max_gold_rush,normal,--,--,--,--,--,VIII
832,g_max_chi_strike,fighting,--,--,--,--,--,VIII
833,g_max_terror,ghost,--,--,--,--,--,VIII
834,g_max_resonance,ice,--,--,--,--,--,VIII
835,g_max_cuddle,normal,--,--,--,--,--,VIII
836,g_max_replenish,normal,--,--,--,--,--,VIII
837,g_max_malodor,poison,--,--,--,--,--,VIII
838,g_max_stonesurge,water,--,--,--,--,--,VIII
839,g_max_wind_rage,flying,--,--,--,--,--,VIII
840,g_max_stun_shock,electric,--,--,--,--,--,VIII
841,g_max_finale,fairy,--,--,--,--,--,VIII
842,g_max_depletion,dragon,--,--,--,--,--,VIII
843,g_max_gravitas,psychic,--,--,--,--,--,VIII
844,g_max_volcalith,rock,--,--,--,--,--,VIII
845,g_max_sandblast,ground,--,--,--,--,--,VIII
846,g_max_snooze,dark,--,--,--,--,--,VIII
847,g_max_tartness,grass,--,--,--,--,--,VIII
848,g_max_sweetness,grass,--,--,--,--,--,VIII
849,g_max_smite,fairy,--,--,--,--,--,VIII
850,g_max_steelsurge,steel,--,--,--,--,--,VIII
851,g_max_meltdown,steel,--,--,--,--,--,VIII
852,g_max_foam_burst,water,--,--,--,--,--,VIII
853,g_max_centiferno,fire,--,--,--,--,--,VIII
854,g_max_vine_lash,grass,--,--,--,--,--,VIII
855,g_max_cannonade,water,--,--,--,--,--,VIII
856,g_max_drum_solo,grass,--,--,--,--,--,VIII
857,g_max_fireball,fire,--,--,--,--,--,VIII
858,g_max_hydrosnipe,water,--,--,--,--,--,VIII
859,g_max_one_blow,dark,--,--,--,--,--,VIII
860,g_max_rapid_flow,water,--,--,--,--,--,VIII
